"","fiscal_period","region_product","sales_vol","year","month","apac","emea","la","na","fchem","fpoly","fchem_product","fpoly_product","pfa","region_code","region","value_to_USD","demand","Price"
"1","2015P07","sales_vol_fchem_apac",4397919.46,2015,7,"1","0","0","0",1,0,4397919.46,0,"0","[1,0,0]","apac",123.265726,8.9,NA
"2","2015P07","sales_vol_fchem_apac",4397919.46,2015,7,"1","0","0","0",1,0,4397919.46,0,"0","[1,0,0]","apac",123.265726,39.22,NA
"3","2015P07","sales_vol_fchem_apac",4397919.46,2015,7,"1","0","0","0",1,0,4397919.46,0,"0","[1,0,0]","apac",123.265726,15.15,NA
"4","2015P07","sales_vol_fchem_apac",4397919.46,2015,7,"1","0","0","0",1,0,4397919.46,0,"0","[1,0,0]","apac",123.265726,1.1,NA
"5","2015P08","sales_vol_fchem_apac",4812213.4,2015,8,"1","0","0","0",1,0,4812213.4,0,"0","[1,0,0]","apac",123.214161,8.9,NA
"6","2015P08","sales_vol_fchem_apac",4812213.4,2015,8,"1","0","0","0",1,0,4812213.4,0,"0","[1,0,0]","apac",123.214161,39.22,NA
"7","2015P08","sales_vol_fchem_apac",4812213.4,2015,8,"1","0","0","0",1,0,4812213.4,0,"0","[1,0,0]","apac",123.214161,15.15,NA
"8","2015P08","sales_vol_fchem_apac",4812213.4,2015,8,"1","0","0","0",1,0,4812213.4,0,"0","[1,0,0]","apac",123.214161,1.1,NA
"9","2015P09","sales_vol_fchem_apac",3940076.06,2015,9,"1","0","0","0",1,0,3940076.06,0,"0","[1,0,0]","apac",120.1415,8.9,NA
"10","2015P09","sales_vol_fchem_apac",3940076.06,2015,9,"1","0","0","0",1,0,3940076.06,0,"0","[1,0,0]","apac",120.1415,39.22,NA
"11","2015P09","sales_vol_fchem_apac",3940076.06,2015,9,"1","0","0","0",1,0,3940076.06,0,"0","[1,0,0]","apac",120.1415,15.15,NA
"12","2015P09","sales_vol_fchem_apac",3940076.06,2015,9,"1","0","0","0",1,0,3940076.06,0,"0","[1,0,0]","apac",120.1415,1.1,NA
"13","2015P10","sales_vol_fchem_apac",4643721.7,2015,10,"1","0","0","0",1,0,4643721.7,0,"0","[1,0,0]","apac",120.136258,8.9,NA
"14","2015P10","sales_vol_fchem_apac",4643721.7,2015,10,"1","0","0","0",1,0,4643721.7,0,"0","[1,0,0]","apac",120.136258,39.22,NA
"15","2015P10","sales_vol_fchem_apac",4643721.7,2015,10,"1","0","0","0",1,0,4643721.7,0,"0","[1,0,0]","apac",120.136258,15.15,NA
"16","2015P10","sales_vol_fchem_apac",4643721.7,2015,10,"1","0","0","0",1,0,4643721.7,0,"0","[1,0,0]","apac",120.136258,1.1,NA
"17","2015P11","sales_vol_fchem_apac",5096386.14,2015,11,"1","0","0","0",1,0,5096386.14,0,"0","[1,0,0]","apac",122.555467,8.9,NA
"18","2015P11","sales_vol_fchem_apac",5096386.14,2015,11,"1","0","0","0",1,0,5096386.14,0,"0","[1,0,0]","apac",122.555467,39.22,NA
"19","2015P11","sales_vol_fchem_apac",5096386.14,2015,11,"1","0","0","0",1,0,5096386.14,0,"0","[1,0,0]","apac",122.555467,15.15,NA
"20","2015P11","sales_vol_fchem_apac",5096386.14,2015,11,"1","0","0","0",1,0,5096386.14,0,"0","[1,0,0]","apac",122.555467,1.1,NA
"21","2015P12","sales_vol_fchem_apac",5264943.68,2015,12,"1","0","0","0",1,0,5264943.68,0,"0","[1,0,0]","apac",121.61779,8.9,NA
"22","2015P12","sales_vol_fchem_apac",5264943.68,2015,12,"1","0","0","0",1,0,5264943.68,0,"0","[1,0,0]","apac",121.61779,39.22,NA
"23","2015P12","sales_vol_fchem_apac",5264943.68,2015,12,"1","0","0","0",1,0,5264943.68,0,"0","[1,0,0]","apac",121.61779,15.15,NA
"24","2015P12","sales_vol_fchem_apac",5264943.68,2015,12,"1","0","0","0",1,0,5264943.68,0,"0","[1,0,0]","apac",121.61779,1.1,NA
"25","2016P01","sales_vol_fchem_apac",4543686.78,2016,1,"1","0","0","0",1,0,4543686.78,0,"0","[1,0,0]","apac",118.457194,9.15,NA
"26","2016P01","sales_vol_fchem_apac",4543686.78,2016,1,"1","0","0","0",1,0,4543686.78,0,"0","[1,0,0]","apac",118.457194,40.59,NA
"27","2016P01","sales_vol_fchem_apac",4543686.78,2016,1,"1","0","0","0",1,0,4543686.78,0,"0","[1,0,0]","apac",118.457194,16.41,NA
"28","2016P01","sales_vol_fchem_apac",4543686.78,2016,1,"1","0","0","0",1,0,4543686.78,0,"0","[1,0,0]","apac",118.457194,1.13,NA
"29","2016P02","sales_vol_fchem_apac",5007659.05,2016,2,"1","0","0","0",1,0,5007659.05,0,"0","[1,0,0]","apac",114.778466,9.15,NA
"30","2016P02","sales_vol_fchem_apac",5007659.05,2016,2,"1","0","0","0",1,0,5007659.05,0,"0","[1,0,0]","apac",114.778466,40.59,NA
"31","2016P02","sales_vol_fchem_apac",5007659.05,2016,2,"1","0","0","0",1,0,5007659.05,0,"0","[1,0,0]","apac",114.778466,16.41,NA
"32","2016P02","sales_vol_fchem_apac",5007659.05,2016,2,"1","0","0","0",1,0,5007659.05,0,"0","[1,0,0]","apac",114.778466,1.13,NA
"33","2016P03","sales_vol_fchem_apac",7782267.53,2016,3,"1","0","0","0",1,0,7782267.53,0,"0","[1,0,0]","apac",112.976274,9.15,NA
"34","2016P03","sales_vol_fchem_apac",7782267.53,2016,3,"1","0","0","0",1,0,7782267.53,0,"0","[1,0,0]","apac",112.976274,40.59,NA
"35","2016P03","sales_vol_fchem_apac",7782267.53,2016,3,"1","0","0","0",1,0,7782267.53,0,"0","[1,0,0]","apac",112.976274,16.41,NA
"36","2016P03","sales_vol_fchem_apac",7782267.53,2016,3,"1","0","0","0",1,0,7782267.53,0,"0","[1,0,0]","apac",112.976274,1.13,NA
"37","2016P04","sales_vol_fchem_apac",7103839.24,2016,4,"1","0","0","0",1,0,7103839.24,0,"0","[1,0,0]","apac",109.79655,9.15,NA
"38","2016P04","sales_vol_fchem_apac",7103839.24,2016,4,"1","0","0","0",1,0,7103839.24,0,"0","[1,0,0]","apac",109.79655,40.59,NA
"39","2016P04","sales_vol_fchem_apac",7103839.24,2016,4,"1","0","0","0",1,0,7103839.24,0,"0","[1,0,0]","apac",109.79655,16.41,NA
"40","2016P04","sales_vol_fchem_apac",7103839.24,2016,4,"1","0","0","0",1,0,7103839.24,0,"0","[1,0,0]","apac",109.79655,1.13,NA
"41","2016P05","sales_vol_fchem_apac",6442151.76,2016,5,"1","0","0","0",1,0,6442151.76,0,"0","[1,0,0]","apac",108.739032,9.15,NA
"42","2016P05","sales_vol_fchem_apac",6442151.76,2016,5,"1","0","0","0",1,0,6442151.76,0,"0","[1,0,0]","apac",108.739032,40.59,NA
"43","2016P05","sales_vol_fchem_apac",6442151.76,2016,5,"1","0","0","0",1,0,6442151.76,0,"0","[1,0,0]","apac",108.739032,16.41,NA
"44","2016P05","sales_vol_fchem_apac",6442151.76,2016,5,"1","0","0","0",1,0,6442151.76,0,"0","[1,0,0]","apac",108.739032,1.13,NA
"45","2016P06","sales_vol_fchem_apac",6417466.6,2016,6,"1","0","0","0",1,0,6417466.6,0,"0","[1,0,0]","apac",105.513333,9.15,NA
"46","2016P06","sales_vol_fchem_apac",6417466.6,2016,6,"1","0","0","0",1,0,6417466.6,0,"0","[1,0,0]","apac",105.513333,40.59,NA
"47","2016P06","sales_vol_fchem_apac",6417466.6,2016,6,"1","0","0","0",1,0,6417466.6,0,"0","[1,0,0]","apac",105.513333,16.41,NA
"48","2016P06","sales_vol_fchem_apac",6417466.6,2016,6,"1","0","0","0",1,0,6417466.6,0,"0","[1,0,0]","apac",105.513333,1.13,NA
"49","2016P07","sales_vol_fchem_apac",4392223.21,2016,7,"1","0","0","0",1,0,4392223.21,0,"0","[1,0,0]","apac",103.867129,9.15,NA
"50","2016P07","sales_vol_fchem_apac",4392223.21,2016,7,"1","0","0","0",1,0,4392223.21,0,"0","[1,0,0]","apac",103.867129,40.59,NA
"51","2016P07","sales_vol_fchem_apac",4392223.21,2016,7,"1","0","0","0",1,0,4392223.21,0,"0","[1,0,0]","apac",103.867129,16.41,NA
"52","2016P07","sales_vol_fchem_apac",4392223.21,2016,7,"1","0","0","0",1,0,4392223.21,0,"0","[1,0,0]","apac",103.867129,1.13,NA
"53","2016P08","sales_vol_fchem_apac",5520517.54,2016,8,"1","0","0","0",1,0,5520517.54,0,"0","[1,0,0]","apac",101.233242,9.15,NA
"54","2016P08","sales_vol_fchem_apac",5520517.54,2016,8,"1","0","0","0",1,0,5520517.54,0,"0","[1,0,0]","apac",101.233242,40.59,NA
"55","2016P08","sales_vol_fchem_apac",5520517.54,2016,8,"1","0","0","0",1,0,5520517.54,0,"0","[1,0,0]","apac",101.233242,16.41,NA
"56","2016P08","sales_vol_fchem_apac",5520517.54,2016,8,"1","0","0","0",1,0,5520517.54,0,"0","[1,0,0]","apac",101.233242,1.13,NA
"57","2016P09","sales_vol_fchem_apac",4602663.88,2016,9,"1","0","0","0",1,0,4602663.88,0,"0","[1,0,0]","apac",102.099817,9.15,NA
"58","2016P09","sales_vol_fchem_apac",4602663.88,2016,9,"1","0","0","0",1,0,4602663.88,0,"0","[1,0,0]","apac",102.099817,40.59,NA
"59","2016P09","sales_vol_fchem_apac",4602663.88,2016,9,"1","0","0","0",1,0,4602663.88,0,"0","[1,0,0]","apac",102.099817,16.41,NA
"60","2016P09","sales_vol_fchem_apac",4602663.88,2016,9,"1","0","0","0",1,0,4602663.88,0,"0","[1,0,0]","apac",102.099817,1.13,NA
"61","2016P10","sales_vol_fchem_apac",3307710.31,2016,10,"1","0","0","0",1,0,3307710.31,0,"0","[1,0,0]","apac",103.673468,9.15,NA
"62","2016P10","sales_vol_fchem_apac",3307710.31,2016,10,"1","0","0","0",1,0,3307710.31,0,"0","[1,0,0]","apac",103.673468,40.59,NA
"63","2016P10","sales_vol_fchem_apac",3307710.31,2016,10,"1","0","0","0",1,0,3307710.31,0,"0","[1,0,0]","apac",103.673468,16.41,NA
"64","2016P10","sales_vol_fchem_apac",3307710.31,2016,10,"1","0","0","0",1,0,3307710.31,0,"0","[1,0,0]","apac",103.673468,1.13,NA
"65","2016P11","sales_vol_fchem_apac",3747003.33,2016,11,"1","0","0","0",1,0,3747003.33,0,"0","[1,0,0]","apac",108.52975,9.15,NA
"66","2016P11","sales_vol_fchem_apac",3747003.33,2016,11,"1","0","0","0",1,0,3747003.33,0,"0","[1,0,0]","apac",108.52975,40.59,NA
"67","2016P11","sales_vol_fchem_apac",3747003.33,2016,11,"1","0","0","0",1,0,3747003.33,0,"0","[1,0,0]","apac",108.52975,16.41,NA
"68","2016P11","sales_vol_fchem_apac",3747003.33,2016,11,"1","0","0","0",1,0,3747003.33,0,"0","[1,0,0]","apac",108.52975,1.13,NA
"69","2016P12","sales_vol_fchem_apac",3793386.57,2016,12,"1","0","0","0",1,0,3793386.57,0,"0","[1,0,0]","apac",116.073137,9.15,NA
"70","2016P12","sales_vol_fchem_apac",3793386.57,2016,12,"1","0","0","0",1,0,3793386.57,0,"0","[1,0,0]","apac",116.073137,40.59,NA
"71","2016P12","sales_vol_fchem_apac",3793386.57,2016,12,"1","0","0","0",1,0,3793386.57,0,"0","[1,0,0]","apac",116.073137,16.41,NA
"72","2016P12","sales_vol_fchem_apac",3793386.57,2016,12,"1","0","0","0",1,0,3793386.57,0,"0","[1,0,0]","apac",116.073137,1.13,NA
"73","2017P01","sales_vol_fchem_apac",4820459.67,2017,1,"1","0","0","0",1,0,4820459.67,0,"0","[1,0,0]","apac",115.093355,9.74,NA
"74","2017P01","sales_vol_fchem_apac",4820459.67,2017,1,"1","0","0","0",1,0,4820459.67,0,"0","[1,0,0]","apac",115.093355,45.95,NA
"75","2017P01","sales_vol_fchem_apac",4820459.67,2017,1,"1","0","0","0",1,0,4820459.67,0,"0","[1,0,0]","apac",115.093355,17.3,NA
"76","2017P01","sales_vol_fchem_apac",4820459.67,2017,1,"1","0","0","0",1,0,4820459.67,0,"0","[1,0,0]","apac",115.093355,1.29,NA
"77","2017P02","sales_vol_fchem_apac",4255706.5,2017,2,"1","0","0","0",1,0,4255706.5,0,"0","[1,0,0]","apac",112.865464,9.74,NA
"78","2017P02","sales_vol_fchem_apac",4255706.5,2017,2,"1","0","0","0",1,0,4255706.5,0,"0","[1,0,0]","apac",112.865464,45.95,NA
"79","2017P02","sales_vol_fchem_apac",4255706.5,2017,2,"1","0","0","0",1,0,4255706.5,0,"0","[1,0,0]","apac",112.865464,17.3,NA
"80","2017P02","sales_vol_fchem_apac",4255706.5,2017,2,"1","0","0","0",1,0,4255706.5,0,"0","[1,0,0]","apac",112.865464,1.29,NA
"81","2017P03","sales_vol_fchem_apac",6753246.51,2017,3,"1","0","0","0",1,0,6753246.51,0,"0","[1,0,0]","apac",112.988573,9.74,NA
"82","2017P03","sales_vol_fchem_apac",6753246.51,2017,3,"1","0","0","0",1,0,6753246.51,0,"0","[1,0,0]","apac",112.988573,45.95,NA
"83","2017P03","sales_vol_fchem_apac",6753246.51,2017,3,"1","0","0","0",1,0,6753246.51,0,"0","[1,0,0]","apac",112.988573,17.3,NA
"84","2017P03","sales_vol_fchem_apac",6753246.51,2017,3,"1","0","0","0",1,0,6753246.51,0,"0","[1,0,0]","apac",112.988573,1.29,NA
"85","2017P04","sales_vol_fchem_apac",5964194.17,2017,4,"1","0","0","0",1,0,5964194.17,0,"0","[1,0,0]","apac",110.149052,9.74,NA
"86","2017P04","sales_vol_fchem_apac",5964194.17,2017,4,"1","0","0","0",1,0,5964194.17,0,"0","[1,0,0]","apac",110.149052,45.95,NA
"87","2017P04","sales_vol_fchem_apac",5964194.17,2017,4,"1","0","0","0",1,0,5964194.17,0,"0","[1,0,0]","apac",110.149052,17.3,NA
"88","2017P04","sales_vol_fchem_apac",5964194.17,2017,4,"1","0","0","0",1,0,5964194.17,0,"0","[1,0,0]","apac",110.149052,1.29,NA
"89","2017P05","sales_vol_fchem_apac",7867739.75,2017,5,"1","0","0","0",1,0,7867739.75,0,"0","[1,0,0]","apac",112.234879,9.74,NA
"90","2017P05","sales_vol_fchem_apac",7867739.75,2017,5,"1","0","0","0",1,0,7867739.75,0,"0","[1,0,0]","apac",112.234879,45.95,NA
"91","2017P05","sales_vol_fchem_apac",7867739.75,2017,5,"1","0","0","0",1,0,7867739.75,0,"0","[1,0,0]","apac",112.234879,17.3,NA
"92","2017P05","sales_vol_fchem_apac",7867739.75,2017,5,"1","0","0","0",1,0,7867739.75,0,"0","[1,0,0]","apac",112.234879,1.29,NA
"93","2017P06","sales_vol_fchem_apac",8362482.83,2017,6,"1","0","0","0",1,0,8362482.83,0,"0","[1,0,0]","apac",110.8545,9.74,NA
"94","2017P06","sales_vol_fchem_apac",8362482.83,2017,6,"1","0","0","0",1,0,8362482.83,0,"0","[1,0,0]","apac",110.8545,45.95,NA
"95","2017P06","sales_vol_fchem_apac",8362482.83,2017,6,"1","0","0","0",1,0,8362482.83,0,"0","[1,0,0]","apac",110.8545,17.3,NA
"96","2017P06","sales_vol_fchem_apac",8362482.83,2017,6,"1","0","0","0",1,0,8362482.83,0,"0","[1,0,0]","apac",110.8545,1.29,NA
"97","2017P07","sales_vol_fchem_apac",6306686.25,2017,7,"1","0","0","0",1,0,6306686.25,0,"0","[1,0,0]","apac",112.338871,9.74,NA
"98","2017P07","sales_vol_fchem_apac",6306686.25,2017,7,"1","0","0","0",1,0,6306686.25,0,"0","[1,0,0]","apac",112.338871,45.95,NA
"99","2017P07","sales_vol_fchem_apac",6306686.25,2017,7,"1","0","0","0",1,0,6306686.25,0,"0","[1,0,0]","apac",112.338871,17.3,NA
"100","2017P07","sales_vol_fchem_apac",6306686.25,2017,7,"1","0","0","0",1,0,6306686.25,0,"0","[1,0,0]","apac",112.338871,1.29,NA
"101","2017P08","sales_vol_fchem_apac",6100402.03,2017,8,"1","0","0","0",1,0,6100402.03,0,"0","[1,0,0]","apac",109.796917,9.74,NA
"102","2017P08","sales_vol_fchem_apac",6100402.03,2017,8,"1","0","0","0",1,0,6100402.03,0,"0","[1,0,0]","apac",109.796917,45.95,NA
"103","2017P08","sales_vol_fchem_apac",6100402.03,2017,8,"1","0","0","0",1,0,6100402.03,0,"0","[1,0,0]","apac",109.796917,17.3,NA
"104","2017P08","sales_vol_fchem_apac",6100402.03,2017,8,"1","0","0","0",1,0,6100402.03,0,"0","[1,0,0]","apac",109.796917,1.29,NA
"105","2017P09","sales_vol_fchem_apac",6237333.26,2017,9,"1","0","0","0",1,0,6237333.26,0,"0","[1,0,0]","apac",110.6931,9.74,NA
"106","2017P09","sales_vol_fchem_apac",6237333.26,2017,9,"1","0","0","0",1,0,6237333.26,0,"0","[1,0,0]","apac",110.6931,45.95,NA
"107","2017P09","sales_vol_fchem_apac",6237333.26,2017,9,"1","0","0","0",1,0,6237333.26,0,"0","[1,0,0]","apac",110.6931,17.3,NA
"108","2017P09","sales_vol_fchem_apac",6237333.26,2017,9,"1","0","0","0",1,0,6237333.26,0,"0","[1,0,0]","apac",110.6931,1.29,NA
"109","2017P10","sales_vol_fchem_apac",5595967.95,2017,10,"1","0","0","0",1,0,5595967.95,0,"0","[1,0,0]","apac",112.931667,9.74,NA
"110","2017P10","sales_vol_fchem_apac",5595967.95,2017,10,"1","0","0","0",1,0,5595967.95,0,"0","[1,0,0]","apac",112.931667,45.95,NA
"111","2017P10","sales_vol_fchem_apac",5595967.95,2017,10,"1","0","0","0",1,0,5595967.95,0,"0","[1,0,0]","apac",112.931667,17.3,NA
"112","2017P10","sales_vol_fchem_apac",5595967.95,2017,10,"1","0","0","0",1,0,5595967.95,0,"0","[1,0,0]","apac",112.931667,1.29,NA
"113","2017P11","sales_vol_fchem_apac",5302296.13,2017,11,"1","0","0","0",1,0,5302296.13,0,"0","[1,0,0]","apac",112.798983,9.74,NA
"114","2017P11","sales_vol_fchem_apac",5302296.13,2017,11,"1","0","0","0",1,0,5302296.13,0,"0","[1,0,0]","apac",112.798983,45.95,NA
"115","2017P11","sales_vol_fchem_apac",5302296.13,2017,11,"1","0","0","0",1,0,5302296.13,0,"0","[1,0,0]","apac",112.798983,17.3,NA
"116","2017P11","sales_vol_fchem_apac",5302296.13,2017,11,"1","0","0","0",1,0,5302296.13,0,"0","[1,0,0]","apac",112.798983,1.29,NA
"117","2017P12","sales_vol_fchem_apac",4884854.07,2017,12,"1","0","0","0",1,0,4884854.07,0,"0","[1,0,0]","apac",112.897742,9.74,NA
"118","2017P12","sales_vol_fchem_apac",4884854.07,2017,12,"1","0","0","0",1,0,4884854.07,0,"0","[1,0,0]","apac",112.897742,45.95,NA
"119","2017P12","sales_vol_fchem_apac",4884854.07,2017,12,"1","0","0","0",1,0,4884854.07,0,"0","[1,0,0]","apac",112.897742,17.3,NA
"120","2017P12","sales_vol_fchem_apac",4884854.07,2017,12,"1","0","0","0",1,0,4884854.07,0,"0","[1,0,0]","apac",112.897742,1.29,NA
"121","2018P01","sales_vol_fchem_apac",5216316.37,2018,1,"1","0","0","0",1,0,5216316.37,0,"0","[1,0,0]","apac",110.932,NA,NA
"122","2018P02","sales_vol_fchem_apac",4341497.27,2018,2,"1","0","0","0",1,0,4341497.27,0,"0","[1,0,0]","apac",107.93567,NA,NA
"123","2018P03","sales_vol_fchem_apac",5241134.37,2018,3,"1","0","0","0",1,0,5241134.37,0,"0","[1,0,0]","apac",106.030217,NA,NA
"124","2018P04","sales_vol_fchem_apac",4354983.39,2018,4,"1","0","0","0",1,0,4354983.39,0,"0","[1,0,0]","apac",107.59585,NA,NA
"125","2018P05","sales_vol_fchem_apac",5726562.89,2018,5,"1","0","0","0",1,0,5726562.89,0,"0","[1,0,0]","apac",109.664452,NA,NA
"126","2018P06","sales_vol_fchem_apac",4787121.67,2018,6,"1","0","0","0",1,0,4787121.67,0,"0","[1,0,0]","apac",110.0477,NA,NA
"127","2018P07","sales_vol_fchem_apac",5969677.54,2018,7,"1","0","0","0",1,0,5969677.54,0,"0","[1,0,0]","apac",111.431677,NA,NA
"128","2018P08","sales_vol_fchem_apac",7221725.85,2018,8,"1","0","0","0",1,0,7221725.85,0,"0","[1,0,0]","apac",111.006984,NA,NA
"129","2018P09","sales_vol_fchem_apac",4591177.15,2018,9,"1","0","0","0",1,0,4591177.15,0,"0","[1,0,0]","apac",112.0468,NA,NA
"130","2018P10","sales_vol_fchem_apac",5324822.28,2018,10,"1","0","0","0",1,0,5324822.28,0,"0","[1,0,0]","apac",112.710935,NA,NA
"131","2018P11","sales_vol_fchem_apac",6365326.65,2018,11,"1","0","0","0",1,0,6365326.65,0,"0","[1,0,0]","apac",113.2999,NA,NA
"132","2018P12","sales_vol_fchem_apac",6336002.43,2018,12,"1","0","0","0",1,0,6336002.43,0,"0","[1,0,0]","apac",112.116258,NA,NA
"133","2015P07","sales_vol_fchem_emea",3143354,2015,7,"0","1","0","0",1,0,3143354,0,"0","[0,1,0]","emea",0.908471,5.38,NA
"134","2015P07","sales_vol_fchem_emea",3143354,2015,7,"0","1","0","0",1,0,3143354,0,"0","[0,1,0]","emea",0.908471,5.41,NA
"135","2015P08","sales_vol_fchem_emea",2888796,2015,8,"0","1","0","0",1,0,2888796,0,"0","[0,1,0]","emea",0.898781,5.38,NA
"136","2015P08","sales_vol_fchem_emea",2888796,2015,8,"0","1","0","0",1,0,2888796,0,"0","[0,1,0]","emea",0.898781,5.41,NA
"137","2015P09","sales_vol_fchem_emea",2820574,2015,9,"0","1","0","0",1,0,2820574,0,"0","[0,1,0]","emea",0.889836,5.38,NA
"138","2015P09","sales_vol_fchem_emea",2820574,2015,9,"0","1","0","0",1,0,2820574,0,"0","[0,1,0]","emea",0.889836,5.41,NA
"139","2015P10","sales_vol_fchem_emea",2371053,2015,10,"0","1","0","0",1,0,2371053,0,"0","[0,1,0]","emea",0.890691,5.38,NA
"140","2015P10","sales_vol_fchem_emea",2371053,2015,10,"0","1","0","0",1,0,2371053,0,"0","[0,1,0]","emea",0.890691,5.41,NA
"141","2015P11","sales_vol_fchem_emea",2681799,2015,11,"0","1","0","0",1,0,2681799,0,"0","[0,1,0]","emea",0.931522,5.38,NA
"142","2015P11","sales_vol_fchem_emea",2681799,2015,11,"0","1","0","0",1,0,2681799,0,"0","[0,1,0]","emea",0.931522,5.41,NA
"143","2015P12","sales_vol_fchem_emea",2409463,2015,12,"0","1","0","0",1,0,2409463,0,"0","[0,1,0]","emea",0.91807,5.38,NA
"144","2015P12","sales_vol_fchem_emea",2409463,2015,12,"0","1","0","0",1,0,2409463,0,"0","[0,1,0]","emea",0.91807,5.41,NA
"145","2016P01","sales_vol_fchem_emea",4233448,2016,1,"0","1","0","0",1,0,4233448,0,"0","[0,1,0]","emea",0.920897,5.26,NA
"146","2016P01","sales_vol_fchem_emea",4233448,2016,1,"0","1","0","0",1,0,4233448,0,"0","[0,1,0]","emea",0.920897,6.07,NA
"147","2016P02","sales_vol_fchem_emea",3737891,2016,2,"0","1","0","0",1,0,3737891,0,"0","[0,1,0]","emea",0.900873,5.26,NA
"148","2016P02","sales_vol_fchem_emea",3737891,2016,2,"0","1","0","0",1,0,3737891,0,"0","[0,1,0]","emea",0.900873,6.07,NA
"149","2016P03","sales_vol_fchem_emea",4334659,2016,3,"0","1","0","0",1,0,4334659,0,"0","[0,1,0]","emea",0.89946,5.26,NA
"150","2016P03","sales_vol_fchem_emea",4334659,2016,3,"0","1","0","0",1,0,4334659,0,"0","[0,1,0]","emea",0.89946,6.07,NA
"151","2016P04","sales_vol_fchem_emea",4505880,2016,4,"0","1","0","0",1,0,4505880,0,"0","[0,1,0]","emea",0.88188,5.26,NA
"152","2016P04","sales_vol_fchem_emea",4505880,2016,4,"0","1","0","0",1,0,4505880,0,"0","[0,1,0]","emea",0.88188,6.07,NA
"153","2016P05","sales_vol_fchem_emea",2886851,2016,5,"0","1","0","0",1,0,2886851,0,"0","[0,1,0]","emea",0.88437,5.26,NA
"154","2016P05","sales_vol_fchem_emea",2886851,2016,5,"0","1","0","0",1,0,2886851,0,"0","[0,1,0]","emea",0.88437,6.07,NA
"155","2016P06","sales_vol_fchem_emea",3762079,2016,6,"0","1","0","0",1,0,3762079,0,"0","[0,1,0]","emea",0.889375,5.26,NA
"156","2016P06","sales_vol_fchem_emea",3762079,2016,6,"0","1","0","0",1,0,3762079,0,"0","[0,1,0]","emea",0.889375,6.07,NA
"157","2016P07","sales_vol_fchem_emea",2903878,2016,7,"0","1","0","0",1,0,2903878,0,"0","[0,1,0]","emea",0.904111,5.26,NA
"158","2016P07","sales_vol_fchem_emea",2903878,2016,7,"0","1","0","0",1,0,2903878,0,"0","[0,1,0]","emea",0.904111,6.07,NA
"159","2016P08","sales_vol_fchem_emea",3337820,2016,8,"0","1","0","0",1,0,3337820,0,"0","[0,1,0]","emea",0.89262,5.26,NA
"160","2016P08","sales_vol_fchem_emea",3337820,2016,8,"0","1","0","0",1,0,3337820,0,"0","[0,1,0]","emea",0.89262,6.07,NA
"161","2016P09","sales_vol_fchem_emea",4099272,2016,9,"0","1","0","0",1,0,4099272,0,"0","[0,1,0]","emea",0.892636,5.26,NA
"162","2016P09","sales_vol_fchem_emea",4099272,2016,9,"0","1","0","0",1,0,4099272,0,"0","[0,1,0]","emea",0.892636,6.07,NA
"163","2016P10","sales_vol_fchem_emea",2263819,2016,10,"0","1","0","0",1,0,2263819,0,"0","[0,1,0]","emea",0.906425,5.26,NA
"164","2016P10","sales_vol_fchem_emea",2263819,2016,10,"0","1","0","0",1,0,2263819,0,"0","[0,1,0]","emea",0.906425,6.07,NA
"165","2016P11","sales_vol_fchem_emea",2201966,2016,11,"0","1","0","0",1,0,2201966,0,"0","[0,1,0]","emea",0.92746,5.26,NA
"166","2016P11","sales_vol_fchem_emea",2201966,2016,11,"0","1","0","0",1,0,2201966,0,"0","[0,1,0]","emea",0.92746,6.07,NA
"167","2016P12","sales_vol_fchem_emea",1988988,2016,12,"0","1","0","0",1,0,1988988,0,"0","[0,1,0]","emea",0.949012,5.26,NA
"168","2016P12","sales_vol_fchem_emea",1988988,2016,12,"0","1","0","0",1,0,1988988,0,"0","[0,1,0]","emea",0.949012,6.07,NA
"169","2017P01","sales_vol_fchem_emea",2420626,2017,1,"0","1","0","0",1,0,2420626,0,"0","[0,1,0]","emea",0.940876,5.06,NA
"170","2017P01","sales_vol_fchem_emea",2420626,2017,1,"0","1","0","0",1,0,2420626,0,"0","[0,1,0]","emea",0.940876,6.56,NA
"171","2017P02","sales_vol_fchem_emea",3391276,2017,2,"0","1","0","0",1,0,3391276,0,"0","[0,1,0]","emea",0.939114,5.06,NA
"172","2017P02","sales_vol_fchem_emea",3391276,2017,2,"0","1","0","0",1,0,3391276,0,"0","[0,1,0]","emea",0.939114,6.56,NA
"173","2017P03","sales_vol_fchem_emea",3819750,2017,3,"0","1","0","0",1,0,3819750,0,"0","[0,1,0]","emea",0.9351,5.06,NA
"174","2017P03","sales_vol_fchem_emea",3819750,2017,3,"0","1","0","0",1,0,3819750,0,"0","[0,1,0]","emea",0.9351,6.56,NA
"175","2017P04","sales_vol_fchem_emea",3118619,2017,4,"0","1","0","0",1,0,3118619,0,"0","[0,1,0]","emea",0.93391,5.06,NA
"176","2017P04","sales_vol_fchem_emea",3118619,2017,4,"0","1","0","0",1,0,3118619,0,"0","[0,1,0]","emea",0.93391,6.56,NA
"177","2017P05","sales_vol_fchem_emea",3888428,2017,5,"0","1","0","0",1,0,3888428,0,"0","[0,1,0]","emea",0.904193,5.06,NA
"178","2017P05","sales_vol_fchem_emea",3888428,2017,5,"0","1","0","0",1,0,3888428,0,"0","[0,1,0]","emea",0.904193,6.56,NA
"179","2017P06","sales_vol_fchem_emea",5803827,2017,6,"0","1","0","0",1,0,5803827,0,"0","[0,1,0]","emea",0.890534,5.06,NA
"180","2017P06","sales_vol_fchem_emea",5803827,2017,6,"0","1","0","0",1,0,5803827,0,"0","[0,1,0]","emea",0.890534,6.56,NA
"181","2017P07","sales_vol_fchem_emea",5426000,2017,7,"0","1","0","0",1,0,5426000,0,"0","[0,1,0]","emea",0.867527,5.06,NA
"182","2017P07","sales_vol_fchem_emea",5426000,2017,7,"0","1","0","0",1,0,5426000,0,"0","[0,1,0]","emea",0.867527,6.56,NA
"183","2017P08","sales_vol_fchem_emea",3369901,2017,8,"0","1","0","0",1,0,3369901,0,"0","[0,1,0]","emea",0.846339,5.06,NA
"184","2017P08","sales_vol_fchem_emea",3369901,2017,8,"0","1","0","0",1,0,3369901,0,"0","[0,1,0]","emea",0.846339,6.56,NA
"185","2017P09","sales_vol_fchem_emea",4508373,2017,9,"0","1","0","0",1,0,4508373,0,"0","[0,1,0]","emea",0.839493,5.06,NA
"186","2017P09","sales_vol_fchem_emea",4508373,2017,9,"0","1","0","0",1,0,4508373,0,"0","[0,1,0]","emea",0.839493,6.56,NA
"187","2017P10","sales_vol_fchem_emea",3401491,2017,10,"0","1","0","0",1,0,3401491,0,"0","[0,1,0]","emea",0.851139,5.06,NA
"188","2017P10","sales_vol_fchem_emea",3401491,2017,10,"0","1","0","0",1,0,3401491,0,"0","[0,1,0]","emea",0.851139,6.56,NA
"189","2017P11","sales_vol_fchem_emea",4280259,2017,11,"0","1","0","0",1,0,4280259,0,"0","[0,1,0]","emea",0.851487,5.06,NA
"190","2017P11","sales_vol_fchem_emea",4280259,2017,11,"0","1","0","0",1,0,4280259,0,"0","[0,1,0]","emea",0.851487,6.56,NA
"191","2017P12","sales_vol_fchem_emea",2788007,2017,12,"0","1","0","0",1,0,2788007,0,"0","[0,1,0]","emea",0.84425,5.06,NA
"192","2017P12","sales_vol_fchem_emea",2788007,2017,12,"0","1","0","0",1,0,2788007,0,"0","[0,1,0]","emea",0.84425,6.56,NA
"193","2018P01","sales_vol_fchem_emea",2873611,2018,1,"0","1","0","0",1,0,2873611,0,"0","[0,1,0]","emea",0.819901,NA,NA
"194","2018P02","sales_vol_fchem_emea",3118476,2018,2,"0","1","0","0",1,0,3118476,0,"0","[0,1,0]","emea",0.810022,NA,NA
"195","2018P03","sales_vol_fchem_emea",3702515,2018,3,"0","1","0","0",1,0,3702515,0,"0","[0,1,0]","emea",0.811046,NA,NA
"196","2018P04","sales_vol_fchem_emea",2128562,2018,4,"0","1","0","0",1,0,2128562,0,"0","[0,1,0]","emea",0.814554,NA,NA
"197","2018P05","sales_vol_fchem_emea",3232055,2018,5,"0","1","0","0",1,0,3232055,0,"0","[0,1,0]","emea",0.845653,NA,NA
"198","2018P06","sales_vol_fchem_emea",3324315,2018,6,"0","1","0","0",1,0,3324315,0,"0","[0,1,0]","emea",0.856183,NA,NA
"199","2018P07","sales_vol_fchem_emea",3144467,2018,7,"0","1","0","0",1,0,3144467,0,"0","[0,1,0]","emea",0.855282,NA,NA
"200","2018P08","sales_vol_fchem_emea",2357761,2018,8,"0","1","0","0",1,0,2357761,0,"0","[0,1,0]","emea",0.866686,NA,NA
"201","2018P09","sales_vol_fchem_emea",4090581,2018,9,"0","1","0","0",1,0,4090581,0,"0","[0,1,0]","emea",0.857968,NA,NA
"202","2018P10","sales_vol_fchem_emea",2697921,2018,10,"0","1","0","0",1,0,2697921,0,"0","[0,1,0]","emea",0.870075,NA,NA
"203","2018P11","sales_vol_fchem_emea",3002251,2018,11,"0","1","0","0",1,0,3002251,0,"0","[0,1,0]","emea",0.879906,NA,NA
"204","2018P12","sales_vol_fchem_emea",2547322,2018,12,"0","1","0","0",1,0,2547322,0,"0","[0,1,0]","emea",0.879002,NA,NA
"205","2015P07","sales_vol_fchem_la",4722774,2015,7,"0","0","1","0",1,0,4722774,0,"0","[0,0,1]","la",15.924197,7.32,NA
"206","2015P08","sales_vol_fchem_la",4102013,2015,8,"0","0","1","0",1,0,4102013,0,"0","[0,0,1]","la",16.501674,7.32,NA
"207","2015P09","sales_vol_fchem_la",4572792,2015,9,"0","0","1","0",1,0,4572792,0,"0","[0,0,1]","la",16.839714,7.32,NA
"208","2015P10","sales_vol_fchem_la",4964904,2015,10,"0","0","1","0",1,0,4964904,0,"0","[0,0,1]","la",16.571246,7.32,NA
"209","2015P11","sales_vol_fchem_la",5511364,2015,11,"0","0","1","0",1,0,5511364,0,"0","[0,0,1]","la",16.63311,7.32,NA
"210","2015P12","sales_vol_fchem_la",5017523,2015,12,"0","0","1","0",1,0,5017523,0,"0","[0,0,1]","la",17.068297,7.32,NA
"211","2016P01","sales_vol_fchem_la",3928135,2016,1,"0","0","1","0",1,0,3928135,0,"0","[0,0,1]","la",17.998914,6.47,NA
"212","2016P02","sales_vol_fchem_la",4319780,2016,2,"0","0","1","0",1,0,4319780,0,"0","[0,0,1]","la",18.463555,6.47,NA
"213","2016P03","sales_vol_fchem_la",5756144,2016,3,"0","0","1","0",1,0,5756144,0,"0","[0,0,1]","la",17.64969,6.47,NA
"214","2016P04","sales_vol_fchem_la",5237917,2016,4,"0","0","1","0",1,0,5237917,0,"0","[0,0,1]","la",17.489131,6.47,NA
"215","2016P05","sales_vol_fchem_la",3546183,2016,5,"0","0","1","0",1,0,3546183,0,"0","[0,0,1]","la",18.094523,6.47,NA
"216","2016P06","sales_vol_fchem_la",4927136,2016,6,"0","0","1","0",1,0,4927136,0,"0","[0,0,1]","la",18.683862,6.47,NA
"217","2016P07","sales_vol_fchem_la",2963667,2016,7,"0","0","1","0",1,0,2963667,0,"0","[0,0,1]","la",18.574292,6.47,NA
"218","2016P08","sales_vol_fchem_la",3715040,2016,8,"0","0","1","0",1,0,3715040,0,"0","[0,0,1]","la",18.473874,6.47,NA
"219","2016P09","sales_vol_fchem_la",3849121,2016,9,"0","0","1","0",1,0,3849121,0,"0","[0,0,1]","la",19.207967,6.47,NA
"220","2016P10","sales_vol_fchem_la",3854187,2016,10,"0","0","1","0",1,0,3854187,0,"0","[0,0,1]","la",18.935282,6.47,NA
"221","2016P11","sales_vol_fchem_la",2971955,2016,11,"0","0","1","0",1,0,2971955,0,"0","[0,0,1]","la",20.130578,6.47,NA
"222","2016P12","sales_vol_fchem_la",3428773,2016,12,"0","0","1","0",1,0,3428773,0,"0","[0,0,1]","la",20.518796,6.47,NA
"223","2017P01","sales_vol_fchem_la",3297521,2017,1,"0","0","1","0",1,0,3297521,0,"0","[0,0,1]","la",21.34594,6.77,NA
"224","2017P02","sales_vol_fchem_la",4208081,2017,2,"0","0","1","0",1,0,4208081,0,"0","[0,0,1]","la",20.291954,6.77,NA
"225","2017P03","sales_vol_fchem_la",5317149,2017,3,"0","0","1","0",1,0,5317149,0,"0","[0,0,1]","la",19.272258,6.77,NA
"226","2017P04","sales_vol_fchem_la",4960412,2017,4,"0","0","1","0",1,0,4960412,0,"0","[0,0,1]","la",18.742298,6.77,NA
"227","2017P05","sales_vol_fchem_la",4636532,2017,5,"0","0","1","0",1,0,4636532,0,"0","[0,0,1]","la",18.758285,6.77,NA
"228","2017P06","sales_vol_fchem_la",4534171,2017,6,"0","0","1","0",1,0,4534171,0,"0","[0,0,1]","la",18.151448,6.77,NA
"229","2017P07","sales_vol_fchem_la",5937228,2017,7,"0","0","1","0",1,0,5937228,0,"0","[0,0,1]","la",17.82685,6.77,NA
"230","2017P08","sales_vol_fchem_la",3843963,2017,8,"0","0","1","0",1,0,3843963,0,"0","[0,0,1]","la",17.792492,6.77,NA
"231","2017P09","sales_vol_fchem_la",4481570,2017,9,"0","0","1","0",1,0,4481570,0,"0","[0,0,1]","la",17.819439,6.77,NA
"232","2017P10","sales_vol_fchem_la",4527819,2017,10,"0","0","1","0",1,0,4527819,0,"0","[0,0,1]","la",18.820464,6.77,NA
"233","2017P11","sales_vol_fchem_la",4190993,2017,11,"0","0","1","0",1,0,4190993,0,"0","[0,0,1]","la",18.929347,6.77,NA
"234","2017P12","sales_vol_fchem_la",4554853,2017,12,"0","0","1","0",1,0,4554853,0,"0","[0,0,1]","la",19.218886,6.77,NA
"235","2018P01","sales_vol_fchem_la",3728216,2018,1,"0","0","1","0",1,0,3728216,0,"0","[0,0,1]","la",18.912,NA,NA
"236","2018P02","sales_vol_fchem_la",3043017,2018,2,"0","0","1","0",1,0,3043017,0,"0","[0,0,1]","la",18.628392,NA,NA
"237","2018P03","sales_vol_fchem_la",4599237,2018,3,"0","0","1","0",1,0,4599237,0,"0","[0,0,1]","la",18.606821,NA,NA
"238","2018P04","sales_vol_fchem_la",2671027,2018,4,"0","0","1","0",1,0,2671027,0,"0","[0,0,1]","la",18.376834,NA,NA
"239","2018P05","sales_vol_fchem_la",2522142,2018,5,"0","0","1","0",1,0,2522142,0,"0","[0,0,1]","la",19.544041,NA,NA
"240","2018P06","sales_vol_fchem_la",3860080,2018,6,"0","0","1","0",1,0,3860080,0,"0","[0,0,1]","la",20.265505,NA,NA
"241","2018P07","sales_vol_fchem_la",3855253,2018,7,"0","0","1","0",1,0,3855253,0,"0","[0,0,1]","la",19.00465,NA,NA
"242","2018P08","sales_vol_fchem_la",4671643,2018,8,"0","0","1","0",1,0,4671643,0,"0","[0,0,1]","la",18.850329,NA,NA
"243","2018P09","sales_vol_fchem_la",5696736,2018,9,"0","0","1","0",1,0,5696736,0,"0","[0,0,1]","la",18.994119,NA,NA
"244","2018P10","sales_vol_fchem_la",5755991,2018,10,"0","0","1","0",1,0,5755991,0,"0","[0,0,1]","la",19.170876,NA,NA
"245","2018P11","sales_vol_fchem_la",5611084,2018,11,"0","0","1","0",1,0,5611084,0,"0","[0,0,1]","la",20.236124,NA,NA
"246","2018P12","sales_vol_fchem_la",3646712,2018,12,"0","0","1","0",1,0,3646712,0,"0","[0,0,1]","la",20.097902,NA,NA
"247","2015P07","sales_vol_fchem_na",6867356,2015,7,"0","0","0","1",1,0,6867356,0,"0","[0,0,0]","na",NA,14.35,47.12
"248","2015P08","sales_vol_fchem_na",4315282,2015,8,"0","0","0","1",1,0,4315282,0,"0","[0,0,0]","na",NA,14.35,49.2
"249","2015P09","sales_vol_fchem_na",7747811,2015,9,"0","0","0","1",1,0,7747811,0,"0","[0,0,0]","na",NA,14.35,45.09
"250","2015P10","sales_vol_fchem_na",4031691,2015,10,"0","0","0","1",1,0,4031691,0,"0","[0,0,0]","na",NA,14.35,NA
"251","2015P11","sales_vol_fchem_na",5384748,2015,11,"0","0","0","1",1,0,5384748,0,"0","[0,0,0]","na",NA,14.35,41.65
"252","2015P12","sales_vol_fchem_na",8557174,2015,12,"0","0","0","1",1,0,8557174,0,"0","[0,0,0]","na",NA,14.35,37.04
"253","2016P01","sales_vol_fchem_na",6144116,2016,1,"0","0","0","1",1,0,6144116,0,"0","[0,0,0]","na",NA,14.6,33.62
"254","2016P02","sales_vol_fchem_na",10521236,2016,2,"0","0","0","1",1,0,10521236,0,"0","[0,0,0]","na",NA,14.6,33.75
"255","2016P03","sales_vol_fchem_na",14423612,2016,3,"0","0","0","1",1,0,14423612,0,"0","[0,0,0]","na",NA,14.6,38.34
"256","2016P04","sales_vol_fchem_na",9338624,2016,4,"0","0","0","1",1,0,9338624,0,"0","[0,0,0]","na",NA,14.6,45.92
"257","2016P05","sales_vol_fchem_na",10931032,2016,5,"0","0","0","1",1,0,10931032,0,"0","[0,0,0]","na",NA,14.6,49.1
"258","2016P06","sales_vol_fchem_na",9323319,2016,6,"0","0","0","1",1,0,9323319,0,"0","[0,0,0]","na",NA,14.6,48.33
"259","2016P07","sales_vol_fchem_na",8417281,2016,7,"0","0","0","1",1,0,8417281,0,"0","[0,0,0]","na",NA,14.6,41.6
"260","2016P08","sales_vol_fchem_na",20493147,2016,8,"0","0","0","1",1,0,20493147,0,"0","[0,0,0]","na",NA,14.6,44.7
"261","2016P09","sales_vol_fchem_na",16174107,2016,9,"0","0","0","1",1,0,16174107,0,"0","[0,0,0]","na",NA,14.6,48.24
"262","2016P10","sales_vol_fchem_na",5717675,2016,10,"0","0","0","1",1,0,5717675,0,"0","[0,0,0]","na",NA,14.6,NA
"263","2016P11","sales_vol_fchem_na",8200337,2016,11,"0","0","0","1",1,0,8200337,0,"0","[0,0,0]","na",NA,14.6,49.44
"264","2016P12","sales_vol_fchem_na",8349945,2016,12,"0","0","0","1",1,0,8349945,0,"0","[0,0,0]","na",NA,14.6,53.72
"265","2017P01","sales_vol_fchem_na",18943300,2017,1,"0","0","0","1",1,0,18943300,0,"0","[0,0,0]","na",NA,15.32,52.81
"266","2017P02","sales_vol_fchem_na",10789809,2017,2,"0","0","0","1",1,0,10789809,0,"0","[0,0,0]","na",NA,15.32,54.01
"267","2017P03","sales_vol_fchem_na",25219849,2017,3,"0","0","0","1",1,0,25219849,0,"0","[0,0,0]","na",NA,15.32,50.6
"268","2017P04","sales_vol_fchem_na",14540018,2017,4,"0","0","0","1",1,0,14540018,0,"0","[0,0,0]","na",NA,15.32,49.33
"269","2017P05","sales_vol_fchem_na",27867889,2017,5,"0","0","0","1",1,0,27867889,0,"0","[0,0,0]","na",NA,15.32,48.32
"270","2017P06","sales_vol_fchem_na",23444090,2017,6,"0","0","0","1",1,0,23444090,0,"0","[0,0,0]","na",NA,15.32,46.04
"271","2017P07","sales_vol_fchem_na",23119050,2017,7,"0","0","0","1",1,0,23119050,0,"0","[0,0,0]","na",NA,15.32,50.17
"272","2017P08","sales_vol_fchem_na",14714380,2017,8,"0","0","0","1",1,0,14714380,0,"0","[0,0,0]","na",NA,15.32,47.23
"273","2017P09","sales_vol_fchem_na",16390431,2017,9,"0","0","0","1",1,0,16390431,0,"0","[0,0,0]","na",NA,15.32,51.67
"274","2017P10","sales_vol_fchem_na",20422150,2017,10,"0","0","0","1",1,0,20422150,0,"0","[0,0,0]","na",NA,15.32,NA
"275","2017P11","sales_vol_fchem_na",13848381,2017,11,"0","0","0","1",1,0,13848381,0,"0","[0,0,0]","na",NA,15.32,57.4
"276","2017P12","sales_vol_fchem_na",10018552,2017,12,"0","0","0","1",1,0,10018552,0,"0","[0,0,0]","na",NA,15.32,60.42
"277","2018P01","sales_vol_fchem_na",12054876,2018,1,"0","0","0","1",1,0,12054876,0,"0","[0,0,0]","na",NA,NA,64.73
"278","2018P01","sales_vol_fchem_na",12054876,2018,1,"0","0","0","1",1,0,12054876,0,"0","[0,0,0]","na",NA,NA,45.41
"279","2018P02","sales_vol_fchem_na",12441186,2018,2,"0","0","0","1",1,0,12441186,0,"0","[0,0,0]","na",NA,NA,61.64
"280","2018P03","sales_vol_fchem_na",21066416,2018,3,"0","0","0","1",1,0,21066416,0,"0","[0,0,0]","na",NA,NA,64.94
"281","2018P04","sales_vol_fchem_na",16454831,2018,4,"0","0","0","1",1,0,16454831,0,"0","[0,0,0]","na",NA,NA,68.57
"282","2018P05","sales_vol_fchem_na",20539534,2018,5,"0","0","0","1",1,0,20539534,0,"0","[0,0,0]","na",NA,NA,67.04
"283","2018P06","sales_vol_fchem_na",18963472,2018,6,"0","0","0","1",1,0,18963472,0,"0","[0,0,0]","na",NA,NA,74.15
"284","2018P07","sales_vol_fchem_na",19379893,2018,7,"0","0","0","1",1,0,19379893,0,"0","[0,0,0]","na",NA,NA,68.76
"285","2018P08","sales_vol_fchem_na",28980609,2018,8,"0","0","0","1",1,0,28980609,0,"0","[0,0,0]","na",NA,NA,69.8
"286","2018P09","sales_vol_fchem_na",3591482,2018,9,"0","0","0","1",1,0,3591482,0,"0","[0,0,0]","na",NA,NA,73.25
"287","2018P10","sales_vol_fchem_na",9464119,2018,10,"0","0","0","1",1,0,9464119,0,"0","[0,0,0]","na",NA,NA,NA
"288","2018P11","sales_vol_fchem_na",17316717,2018,11,"0","0","0","1",1,0,17316717,0,"0","[0,0,0]","na",NA,NA,50.93
"289","2018P12","sales_vol_fchem_na",18548871,2018,12,"0","0","0","1",1,0,18548871,0,"0","[0,0,0]","na",NA,NA,45.41
"290","2015P07","sales_vol_fpoly_apac",4317096,2015,7,"1","0","0","0",0,1,0,4317096,"0","[1,0,0]","apac",123.265726,8.9,NA
"291","2015P07","sales_vol_fpoly_apac",4317096,2015,7,"1","0","0","0",0,1,0,4317096,"0","[1,0,0]","apac",123.265726,39.22,NA
"292","2015P07","sales_vol_fpoly_apac",4317096,2015,7,"1","0","0","0",0,1,0,4317096,"0","[1,0,0]","apac",123.265726,15.15,NA
"293","2015P07","sales_vol_fpoly_apac",4317096,2015,7,"1","0","0","0",0,1,0,4317096,"0","[1,0,0]","apac",123.265726,1.1,NA
"294","2015P08","sales_vol_fpoly_apac",3605318,2015,8,"1","0","0","0",0,1,0,3605318,"0","[1,0,0]","apac",123.214161,8.9,NA
"295","2015P08","sales_vol_fpoly_apac",3605318,2015,8,"1","0","0","0",0,1,0,3605318,"0","[1,0,0]","apac",123.214161,39.22,NA
"296","2015P08","sales_vol_fpoly_apac",3605318,2015,8,"1","0","0","0",0,1,0,3605318,"0","[1,0,0]","apac",123.214161,15.15,NA
"297","2015P08","sales_vol_fpoly_apac",3605318,2015,8,"1","0","0","0",0,1,0,3605318,"0","[1,0,0]","apac",123.214161,1.1,NA
"298","2015P09","sales_vol_fpoly_apac",2382878,2015,9,"1","0","0","0",0,1,0,2382878,"0","[1,0,0]","apac",120.1415,8.9,NA
"299","2015P09","sales_vol_fpoly_apac",2382878,2015,9,"1","0","0","0",0,1,0,2382878,"0","[1,0,0]","apac",120.1415,39.22,NA
"300","2015P09","sales_vol_fpoly_apac",2382878,2015,9,"1","0","0","0",0,1,0,2382878,"0","[1,0,0]","apac",120.1415,15.15,NA
"301","2015P09","sales_vol_fpoly_apac",2382878,2015,9,"1","0","0","0",0,1,0,2382878,"0","[1,0,0]","apac",120.1415,1.1,NA
"302","2015P10","sales_vol_fpoly_apac",3579367,2015,10,"1","0","0","0",0,1,0,3579367,"0","[1,0,0]","apac",120.136258,8.9,NA
"303","2015P10","sales_vol_fpoly_apac",3579367,2015,10,"1","0","0","0",0,1,0,3579367,"0","[1,0,0]","apac",120.136258,39.22,NA
"304","2015P10","sales_vol_fpoly_apac",3579367,2015,10,"1","0","0","0",0,1,0,3579367,"0","[1,0,0]","apac",120.136258,15.15,NA
"305","2015P10","sales_vol_fpoly_apac",3579367,2015,10,"1","0","0","0",0,1,0,3579367,"0","[1,0,0]","apac",120.136258,1.1,NA
"306","2015P11","sales_vol_fpoly_apac",5022365,2015,11,"1","0","0","0",0,1,0,5022365,"0","[1,0,0]","apac",122.555467,8.9,NA
"307","2015P11","sales_vol_fpoly_apac",5022365,2015,11,"1","0","0","0",0,1,0,5022365,"0","[1,0,0]","apac",122.555467,39.22,NA
"308","2015P11","sales_vol_fpoly_apac",5022365,2015,11,"1","0","0","0",0,1,0,5022365,"0","[1,0,0]","apac",122.555467,15.15,NA
"309","2015P11","sales_vol_fpoly_apac",5022365,2015,11,"1","0","0","0",0,1,0,5022365,"0","[1,0,0]","apac",122.555467,1.1,NA
"310","2015P12","sales_vol_fpoly_apac",5187597,2015,12,"1","0","0","0",0,1,0,5187597,"0","[1,0,0]","apac",121.61779,8.9,NA
"311","2015P12","sales_vol_fpoly_apac",5187597,2015,12,"1","0","0","0",0,1,0,5187597,"0","[1,0,0]","apac",121.61779,39.22,NA
"312","2015P12","sales_vol_fpoly_apac",5187597,2015,12,"1","0","0","0",0,1,0,5187597,"0","[1,0,0]","apac",121.61779,15.15,NA
"313","2015P12","sales_vol_fpoly_apac",5187597,2015,12,"1","0","0","0",0,1,0,5187597,"0","[1,0,0]","apac",121.61779,1.1,NA
"314","2016P01","sales_vol_fpoly_apac",4179552,2016,1,"1","0","0","0",0,1,0,4179552,"0","[1,0,0]","apac",118.457194,9.15,NA
"315","2016P01","sales_vol_fpoly_apac",4179552,2016,1,"1","0","0","0",0,1,0,4179552,"0","[1,0,0]","apac",118.457194,40.59,NA
"316","2016P01","sales_vol_fpoly_apac",4179552,2016,1,"1","0","0","0",0,1,0,4179552,"0","[1,0,0]","apac",118.457194,16.41,NA
"317","2016P01","sales_vol_fpoly_apac",4179552,2016,1,"1","0","0","0",0,1,0,4179552,"0","[1,0,0]","apac",118.457194,1.13,NA
"318","2016P02","sales_vol_fpoly_apac",5033657,2016,2,"1","0","0","0",0,1,0,5033657,"0","[1,0,0]","apac",114.778466,9.15,NA
"319","2016P02","sales_vol_fpoly_apac",5033657,2016,2,"1","0","0","0",0,1,0,5033657,"0","[1,0,0]","apac",114.778466,40.59,NA
"320","2016P02","sales_vol_fpoly_apac",5033657,2016,2,"1","0","0","0",0,1,0,5033657,"0","[1,0,0]","apac",114.778466,16.41,NA
"321","2016P02","sales_vol_fpoly_apac",5033657,2016,2,"1","0","0","0",0,1,0,5033657,"0","[1,0,0]","apac",114.778466,1.13,NA
"322","2016P03","sales_vol_fpoly_apac",7504017,2016,3,"1","0","0","0",0,1,0,7504017,"0","[1,0,0]","apac",112.976274,9.15,NA
"323","2016P03","sales_vol_fpoly_apac",7504017,2016,3,"1","0","0","0",0,1,0,7504017,"0","[1,0,0]","apac",112.976274,40.59,NA
"324","2016P03","sales_vol_fpoly_apac",7504017,2016,3,"1","0","0","0",0,1,0,7504017,"0","[1,0,0]","apac",112.976274,16.41,NA
"325","2016P03","sales_vol_fpoly_apac",7504017,2016,3,"1","0","0","0",0,1,0,7504017,"0","[1,0,0]","apac",112.976274,1.13,NA
"326","2016P04","sales_vol_fpoly_apac",6301190,2016,4,"1","0","0","0",0,1,0,6301190,"0","[1,0,0]","apac",109.79655,9.15,NA
"327","2016P04","sales_vol_fpoly_apac",6301190,2016,4,"1","0","0","0",0,1,0,6301190,"0","[1,0,0]","apac",109.79655,40.59,NA
"328","2016P04","sales_vol_fpoly_apac",6301190,2016,4,"1","0","0","0",0,1,0,6301190,"0","[1,0,0]","apac",109.79655,16.41,NA
"329","2016P04","sales_vol_fpoly_apac",6301190,2016,4,"1","0","0","0",0,1,0,6301190,"0","[1,0,0]","apac",109.79655,1.13,NA
"330","2016P05","sales_vol_fpoly_apac",3475383,2016,5,"1","0","0","0",0,1,0,3475383,"0","[1,0,0]","apac",108.739032,9.15,NA
"331","2016P05","sales_vol_fpoly_apac",3475383,2016,5,"1","0","0","0",0,1,0,3475383,"0","[1,0,0]","apac",108.739032,40.59,NA
"332","2016P05","sales_vol_fpoly_apac",3475383,2016,5,"1","0","0","0",0,1,0,3475383,"0","[1,0,0]","apac",108.739032,16.41,NA
"333","2016P05","sales_vol_fpoly_apac",3475383,2016,5,"1","0","0","0",0,1,0,3475383,"0","[1,0,0]","apac",108.739032,1.13,NA
"334","2016P06","sales_vol_fpoly_apac",7112313,2016,6,"1","0","0","0",0,1,0,7112313,"0","[1,0,0]","apac",105.513333,9.15,NA
"335","2016P06","sales_vol_fpoly_apac",7112313,2016,6,"1","0","0","0",0,1,0,7112313,"0","[1,0,0]","apac",105.513333,40.59,NA
"336","2016P06","sales_vol_fpoly_apac",7112313,2016,6,"1","0","0","0",0,1,0,7112313,"0","[1,0,0]","apac",105.513333,16.41,NA
"337","2016P06","sales_vol_fpoly_apac",7112313,2016,6,"1","0","0","0",0,1,0,7112313,"0","[1,0,0]","apac",105.513333,1.13,NA
"338","2016P07","sales_vol_fpoly_apac",4912224,2016,7,"1","0","0","0",0,1,0,4912224,"0","[1,0,0]","apac",103.867129,9.15,NA
"339","2016P07","sales_vol_fpoly_apac",4912224,2016,7,"1","0","0","0",0,1,0,4912224,"0","[1,0,0]","apac",103.867129,40.59,NA
"340","2016P07","sales_vol_fpoly_apac",4912224,2016,7,"1","0","0","0",0,1,0,4912224,"0","[1,0,0]","apac",103.867129,16.41,NA
"341","2016P07","sales_vol_fpoly_apac",4912224,2016,7,"1","0","0","0",0,1,0,4912224,"0","[1,0,0]","apac",103.867129,1.13,NA
"342","2016P08","sales_vol_fpoly_apac",4942673,2016,8,"1","0","0","0",0,1,0,4942673,"0","[1,0,0]","apac",101.233242,9.15,NA
"343","2016P08","sales_vol_fpoly_apac",4942673,2016,8,"1","0","0","0",0,1,0,4942673,"0","[1,0,0]","apac",101.233242,40.59,NA
"344","2016P08","sales_vol_fpoly_apac",4942673,2016,8,"1","0","0","0",0,1,0,4942673,"0","[1,0,0]","apac",101.233242,16.41,NA
"345","2016P08","sales_vol_fpoly_apac",4942673,2016,8,"1","0","0","0",0,1,0,4942673,"0","[1,0,0]","apac",101.233242,1.13,NA
"346","2016P09","sales_vol_fpoly_apac",3650221,2016,9,"1","0","0","0",0,1,0,3650221,"0","[1,0,0]","apac",102.099817,9.15,NA
"347","2016P09","sales_vol_fpoly_apac",3650221,2016,9,"1","0","0","0",0,1,0,3650221,"0","[1,0,0]","apac",102.099817,40.59,NA
"348","2016P09","sales_vol_fpoly_apac",3650221,2016,9,"1","0","0","0",0,1,0,3650221,"0","[1,0,0]","apac",102.099817,16.41,NA
"349","2016P09","sales_vol_fpoly_apac",3650221,2016,9,"1","0","0","0",0,1,0,3650221,"0","[1,0,0]","apac",102.099817,1.13,NA
"350","2016P10","sales_vol_fpoly_apac",4258687,2016,10,"1","0","0","0",0,1,0,4258687,"0","[1,0,0]","apac",103.673468,9.15,NA
"351","2016P10","sales_vol_fpoly_apac",4258687,2016,10,"1","0","0","0",0,1,0,4258687,"0","[1,0,0]","apac",103.673468,40.59,NA
"352","2016P10","sales_vol_fpoly_apac",4258687,2016,10,"1","0","0","0",0,1,0,4258687,"0","[1,0,0]","apac",103.673468,16.41,NA
"353","2016P10","sales_vol_fpoly_apac",4258687,2016,10,"1","0","0","0",0,1,0,4258687,"0","[1,0,0]","apac",103.673468,1.13,NA
"354","2016P11","sales_vol_fpoly_apac",2927082,2016,11,"1","0","0","0",0,1,0,2927082,"0","[1,0,0]","apac",108.52975,9.15,NA
"355","2016P11","sales_vol_fpoly_apac",2927082,2016,11,"1","0","0","0",0,1,0,2927082,"0","[1,0,0]","apac",108.52975,40.59,NA
"356","2016P11","sales_vol_fpoly_apac",2927082,2016,11,"1","0","0","0",0,1,0,2927082,"0","[1,0,0]","apac",108.52975,16.41,NA
"357","2016P11","sales_vol_fpoly_apac",2927082,2016,11,"1","0","0","0",0,1,0,2927082,"0","[1,0,0]","apac",108.52975,1.13,NA
"358","2016P12","sales_vol_fpoly_apac",3180887,2016,12,"1","0","0","0",0,1,0,3180887,"0","[1,0,0]","apac",116.073137,9.15,NA
"359","2016P12","sales_vol_fpoly_apac",3180887,2016,12,"1","0","0","0",0,1,0,3180887,"0","[1,0,0]","apac",116.073137,40.59,NA
"360","2016P12","sales_vol_fpoly_apac",3180887,2016,12,"1","0","0","0",0,1,0,3180887,"0","[1,0,0]","apac",116.073137,16.41,NA
"361","2016P12","sales_vol_fpoly_apac",3180887,2016,12,"1","0","0","0",0,1,0,3180887,"0","[1,0,0]","apac",116.073137,1.13,NA
"362","2017P01","sales_vol_fpoly_apac",3232366,2017,1,"1","0","0","0",0,1,0,3232366,"0","[1,0,0]","apac",115.093355,9.74,NA
"363","2017P01","sales_vol_fpoly_apac",3232366,2017,1,"1","0","0","0",0,1,0,3232366,"0","[1,0,0]","apac",115.093355,45.95,NA
"364","2017P01","sales_vol_fpoly_apac",3232366,2017,1,"1","0","0","0",0,1,0,3232366,"0","[1,0,0]","apac",115.093355,17.3,NA
"365","2017P01","sales_vol_fpoly_apac",3232366,2017,1,"1","0","0","0",0,1,0,3232366,"0","[1,0,0]","apac",115.093355,1.29,NA
"366","2017P02","sales_vol_fpoly_apac",5718174,2017,2,"1","0","0","0",0,1,0,5718174,"0","[1,0,0]","apac",112.865464,9.74,NA
"367","2017P02","sales_vol_fpoly_apac",5718174,2017,2,"1","0","0","0",0,1,0,5718174,"0","[1,0,0]","apac",112.865464,45.95,NA
"368","2017P02","sales_vol_fpoly_apac",5718174,2017,2,"1","0","0","0",0,1,0,5718174,"0","[1,0,0]","apac",112.865464,17.3,NA
"369","2017P02","sales_vol_fpoly_apac",5718174,2017,2,"1","0","0","0",0,1,0,5718174,"0","[1,0,0]","apac",112.865464,1.29,NA
"370","2017P03","sales_vol_fpoly_apac",4458928,2017,3,"1","0","0","0",0,1,0,4458928,"0","[1,0,0]","apac",112.988573,9.74,NA
"371","2017P03","sales_vol_fpoly_apac",4458928,2017,3,"1","0","0","0",0,1,0,4458928,"0","[1,0,0]","apac",112.988573,45.95,NA
"372","2017P03","sales_vol_fpoly_apac",4458928,2017,3,"1","0","0","0",0,1,0,4458928,"0","[1,0,0]","apac",112.988573,17.3,NA
"373","2017P03","sales_vol_fpoly_apac",4458928,2017,3,"1","0","0","0",0,1,0,4458928,"0","[1,0,0]","apac",112.988573,1.29,NA
"374","2017P04","sales_vol_fpoly_apac",5946106,2017,4,"1","0","0","0",0,1,0,5946106,"0","[1,0,0]","apac",110.149052,9.74,NA
"375","2017P04","sales_vol_fpoly_apac",5946106,2017,4,"1","0","0","0",0,1,0,5946106,"0","[1,0,0]","apac",110.149052,45.95,NA
"376","2017P04","sales_vol_fpoly_apac",5946106,2017,4,"1","0","0","0",0,1,0,5946106,"0","[1,0,0]","apac",110.149052,17.3,NA
"377","2017P04","sales_vol_fpoly_apac",5946106,2017,4,"1","0","0","0",0,1,0,5946106,"0","[1,0,0]","apac",110.149052,1.29,NA
"378","2017P05","sales_vol_fpoly_apac",6034931,2017,5,"1","0","0","0",0,1,0,6034931,"0","[1,0,0]","apac",112.234879,9.74,NA
"379","2017P05","sales_vol_fpoly_apac",6034931,2017,5,"1","0","0","0",0,1,0,6034931,"0","[1,0,0]","apac",112.234879,45.95,NA
"380","2017P05","sales_vol_fpoly_apac",6034931,2017,5,"1","0","0","0",0,1,0,6034931,"0","[1,0,0]","apac",112.234879,17.3,NA
"381","2017P05","sales_vol_fpoly_apac",6034931,2017,5,"1","0","0","0",0,1,0,6034931,"0","[1,0,0]","apac",112.234879,1.29,NA
"382","2017P06","sales_vol_fpoly_apac",7668361,2017,6,"1","0","0","0",0,1,0,7668361,"0","[1,0,0]","apac",110.8545,9.74,NA
"383","2017P06","sales_vol_fpoly_apac",7668361,2017,6,"1","0","0","0",0,1,0,7668361,"0","[1,0,0]","apac",110.8545,45.95,NA
"384","2017P06","sales_vol_fpoly_apac",7668361,2017,6,"1","0","0","0",0,1,0,7668361,"0","[1,0,0]","apac",110.8545,17.3,NA
"385","2017P06","sales_vol_fpoly_apac",7668361,2017,6,"1","0","0","0",0,1,0,7668361,"0","[1,0,0]","apac",110.8545,1.29,NA
"386","2017P07","sales_vol_fpoly_apac",5549065,2017,7,"1","0","0","0",0,1,0,5549065,"0","[1,0,0]","apac",112.338871,9.74,NA
"387","2017P07","sales_vol_fpoly_apac",5549065,2017,7,"1","0","0","0",0,1,0,5549065,"0","[1,0,0]","apac",112.338871,45.95,NA
"388","2017P07","sales_vol_fpoly_apac",5549065,2017,7,"1","0","0","0",0,1,0,5549065,"0","[1,0,0]","apac",112.338871,17.3,NA
"389","2017P07","sales_vol_fpoly_apac",5549065,2017,7,"1","0","0","0",0,1,0,5549065,"0","[1,0,0]","apac",112.338871,1.29,NA
"390","2017P08","sales_vol_fpoly_apac",6560338,2017,8,"1","0","0","0",0,1,0,6560338,"0","[1,0,0]","apac",109.796917,9.74,NA
"391","2017P08","sales_vol_fpoly_apac",6560338,2017,8,"1","0","0","0",0,1,0,6560338,"0","[1,0,0]","apac",109.796917,45.95,NA
"392","2017P08","sales_vol_fpoly_apac",6560338,2017,8,"1","0","0","0",0,1,0,6560338,"0","[1,0,0]","apac",109.796917,17.3,NA
"393","2017P08","sales_vol_fpoly_apac",6560338,2017,8,"1","0","0","0",0,1,0,6560338,"0","[1,0,0]","apac",109.796917,1.29,NA
"394","2017P09","sales_vol_fpoly_apac",5792275,2017,9,"1","0","0","0",0,1,0,5792275,"0","[1,0,0]","apac",110.6931,9.74,NA
"395","2017P09","sales_vol_fpoly_apac",5792275,2017,9,"1","0","0","0",0,1,0,5792275,"0","[1,0,0]","apac",110.6931,45.95,NA
"396","2017P09","sales_vol_fpoly_apac",5792275,2017,9,"1","0","0","0",0,1,0,5792275,"0","[1,0,0]","apac",110.6931,17.3,NA
"397","2017P09","sales_vol_fpoly_apac",5792275,2017,9,"1","0","0","0",0,1,0,5792275,"0","[1,0,0]","apac",110.6931,1.29,NA
"398","2017P10","sales_vol_fpoly_apac",4887449,2017,10,"1","0","0","0",0,1,0,4887449,"0","[1,0,0]","apac",112.931667,9.74,NA
"399","2017P10","sales_vol_fpoly_apac",4887449,2017,10,"1","0","0","0",0,1,0,4887449,"0","[1,0,0]","apac",112.931667,45.95,NA
"400","2017P10","sales_vol_fpoly_apac",4887449,2017,10,"1","0","0","0",0,1,0,4887449,"0","[1,0,0]","apac",112.931667,17.3,NA
"401","2017P10","sales_vol_fpoly_apac",4887449,2017,10,"1","0","0","0",0,1,0,4887449,"0","[1,0,0]","apac",112.931667,1.29,NA
"402","2017P11","sales_vol_fpoly_apac",5190358,2017,11,"1","0","0","0",0,1,0,5190358,"0","[1,0,0]","apac",112.798983,9.74,NA
"403","2017P11","sales_vol_fpoly_apac",5190358,2017,11,"1","0","0","0",0,1,0,5190358,"0","[1,0,0]","apac",112.798983,45.95,NA
"404","2017P11","sales_vol_fpoly_apac",5190358,2017,11,"1","0","0","0",0,1,0,5190358,"0","[1,0,0]","apac",112.798983,17.3,NA
"405","2017P11","sales_vol_fpoly_apac",5190358,2017,11,"1","0","0","0",0,1,0,5190358,"0","[1,0,0]","apac",112.798983,1.29,NA
"406","2017P12","sales_vol_fpoly_apac",6255076,2017,12,"1","0","0","0",0,1,0,6255076,"0","[1,0,0]","apac",112.897742,9.74,NA
"407","2017P12","sales_vol_fpoly_apac",6255076,2017,12,"1","0","0","0",0,1,0,6255076,"0","[1,0,0]","apac",112.897742,45.95,NA
"408","2017P12","sales_vol_fpoly_apac",6255076,2017,12,"1","0","0","0",0,1,0,6255076,"0","[1,0,0]","apac",112.897742,17.3,NA
"409","2017P12","sales_vol_fpoly_apac",6255076,2017,12,"1","0","0","0",0,1,0,6255076,"0","[1,0,0]","apac",112.897742,1.29,NA
"410","2018P01","sales_vol_fpoly_apac",6391361,2018,1,"1","0","0","0",0,1,0,6391361,"0","[1,0,0]","apac",110.932,NA,NA
"411","2018P02","sales_vol_fpoly_apac",3515353,2018,2,"1","0","0","0",0,1,0,3515353,"0","[1,0,0]","apac",107.93567,NA,NA
"412","2018P03","sales_vol_fpoly_apac",5919873,2018,3,"1","0","0","0",0,1,0,5919873,"0","[1,0,0]","apac",106.030217,NA,NA
"413","2018P04","sales_vol_fpoly_apac",3703138,2018,4,"1","0","0","0",0,1,0,3703138,"0","[1,0,0]","apac",107.59585,NA,NA
"414","2018P05","sales_vol_fpoly_apac",4661045,2018,5,"1","0","0","0",0,1,0,4661045,"0","[1,0,0]","apac",109.664452,NA,NA
"415","2018P06","sales_vol_fpoly_apac",3404835,2018,6,"1","0","0","0",0,1,0,3404835,"0","[1,0,0]","apac",110.0477,NA,NA
"416","2018P07","sales_vol_fpoly_apac",5668363,2018,7,"1","0","0","0",0,1,0,5668363,"0","[1,0,0]","apac",111.431677,NA,NA
"417","2018P08","sales_vol_fpoly_apac",7180172,2018,8,"1","0","0","0",0,1,0,7180172,"0","[1,0,0]","apac",111.006984,NA,NA
"418","2018P09","sales_vol_fpoly_apac",3633371,2018,9,"1","0","0","0",0,1,0,3633371,"0","[1,0,0]","apac",112.0468,NA,NA
"419","2018P10","sales_vol_fpoly_apac",6095748,2018,10,"1","0","0","0",0,1,0,6095748,"0","[1,0,0]","apac",112.710935,NA,NA
"420","2018P11","sales_vol_fpoly_apac",8604825,2018,11,"1","0","0","0",0,1,0,8604825,"0","[1,0,0]","apac",113.2999,NA,NA
"421","2018P12","sales_vol_fpoly_apac",7922180,2018,12,"1","0","0","0",0,1,0,7922180,"0","[1,0,0]","apac",112.116258,NA,NA
"422","2015P07","sales_vol_fpoly_emea",3757280,2015,7,"0","1","0","0",0,1,0,3757280,"0","[0,1,0]","emea",0.908471,5.38,NA
"423","2015P07","sales_vol_fpoly_emea",3757280,2015,7,"0","1","0","0",0,1,0,3757280,"0","[0,1,0]","emea",0.908471,5.41,NA
"424","2015P08","sales_vol_fpoly_emea",3907939,2015,8,"0","1","0","0",0,1,0,3907939,"0","[0,1,0]","emea",0.898781,5.38,NA
"425","2015P08","sales_vol_fpoly_emea",3907939,2015,8,"0","1","0","0",0,1,0,3907939,"0","[0,1,0]","emea",0.898781,5.41,NA
"426","2015P09","sales_vol_fpoly_emea",3529643,2015,9,"0","1","0","0",0,1,0,3529643,"0","[0,1,0]","emea",0.889836,5.38,NA
"427","2015P09","sales_vol_fpoly_emea",3529643,2015,9,"0","1","0","0",0,1,0,3529643,"0","[0,1,0]","emea",0.889836,5.41,NA
"428","2015P10","sales_vol_fpoly_emea",3114404,2015,10,"0","1","0","0",0,1,0,3114404,"0","[0,1,0]","emea",0.890691,5.38,NA
"429","2015P10","sales_vol_fpoly_emea",3114404,2015,10,"0","1","0","0",0,1,0,3114404,"0","[0,1,0]","emea",0.890691,5.41,NA
"430","2015P11","sales_vol_fpoly_emea",4049933,2015,11,"0","1","0","0",0,1,0,4049933,"0","[0,1,0]","emea",0.931522,5.38,NA
"431","2015P11","sales_vol_fpoly_emea",4049933,2015,11,"0","1","0","0",0,1,0,4049933,"0","[0,1,0]","emea",0.931522,5.41,NA
"432","2015P12","sales_vol_fpoly_emea",3841738,2015,12,"0","1","0","0",0,1,0,3841738,"0","[0,1,0]","emea",0.91807,5.38,NA
"433","2015P12","sales_vol_fpoly_emea",3841738,2015,12,"0","1","0","0",0,1,0,3841738,"0","[0,1,0]","emea",0.91807,5.41,NA
"434","2016P01","sales_vol_fpoly_emea",5047354,2016,1,"0","1","0","0",0,1,0,5047354,"0","[0,1,0]","emea",0.920897,5.26,NA
"435","2016P01","sales_vol_fpoly_emea",5047354,2016,1,"0","1","0","0",0,1,0,5047354,"0","[0,1,0]","emea",0.920897,6.07,NA
"436","2016P02","sales_vol_fpoly_emea",5040833,2016,2,"0","1","0","0",0,1,0,5040833,"0","[0,1,0]","emea",0.900873,5.26,NA
"437","2016P02","sales_vol_fpoly_emea",5040833,2016,2,"0","1","0","0",0,1,0,5040833,"0","[0,1,0]","emea",0.900873,6.07,NA
"438","2016P03","sales_vol_fpoly_emea",7611608,2016,3,"0","1","0","0",0,1,0,7611608,"0","[0,1,0]","emea",0.89946,5.26,NA
"439","2016P03","sales_vol_fpoly_emea",7611608,2016,3,"0","1","0","0",0,1,0,7611608,"0","[0,1,0]","emea",0.89946,6.07,NA
"440","2016P04","sales_vol_fpoly_emea",5470688,2016,4,"0","1","0","0",0,1,0,5470688,"0","[0,1,0]","emea",0.88188,5.26,NA
"441","2016P04","sales_vol_fpoly_emea",5470688,2016,4,"0","1","0","0",0,1,0,5470688,"0","[0,1,0]","emea",0.88188,6.07,NA
"442","2016P05","sales_vol_fpoly_emea",4565398,2016,5,"0","1","0","0",0,1,0,4565398,"0","[0,1,0]","emea",0.88437,5.26,NA
"443","2016P05","sales_vol_fpoly_emea",4565398,2016,5,"0","1","0","0",0,1,0,4565398,"0","[0,1,0]","emea",0.88437,6.07,NA
"444","2016P06","sales_vol_fpoly_emea",5816368,2016,6,"0","1","0","0",0,1,0,5816368,"0","[0,1,0]","emea",0.889375,5.26,NA
"445","2016P06","sales_vol_fpoly_emea",5816368,2016,6,"0","1","0","0",0,1,0,5816368,"0","[0,1,0]","emea",0.889375,6.07,NA
"446","2016P07","sales_vol_fpoly_emea",5098109,2016,7,"0","1","0","0",0,1,0,5098109,"0","[0,1,0]","emea",0.904111,5.26,NA
"447","2016P07","sales_vol_fpoly_emea",5098109,2016,7,"0","1","0","0",0,1,0,5098109,"0","[0,1,0]","emea",0.904111,6.07,NA
"448","2016P08","sales_vol_fpoly_emea",4646981,2016,8,"0","1","0","0",0,1,0,4646981,"0","[0,1,0]","emea",0.89262,5.26,NA
"449","2016P08","sales_vol_fpoly_emea",4646981,2016,8,"0","1","0","0",0,1,0,4646981,"0","[0,1,0]","emea",0.89262,6.07,NA
"450","2016P09","sales_vol_fpoly_emea",4550718,2016,9,"0","1","0","0",0,1,0,4550718,"0","[0,1,0]","emea",0.892636,5.26,NA
"451","2016P09","sales_vol_fpoly_emea",4550718,2016,9,"0","1","0","0",0,1,0,4550718,"0","[0,1,0]","emea",0.892636,6.07,NA
"452","2016P10","sales_vol_fpoly_emea",4043782,2016,10,"0","1","0","0",0,1,0,4043782,"0","[0,1,0]","emea",0.906425,5.26,NA
"453","2016P10","sales_vol_fpoly_emea",4043782,2016,10,"0","1","0","0",0,1,0,4043782,"0","[0,1,0]","emea",0.906425,6.07,NA
"454","2016P11","sales_vol_fpoly_emea",3142177,2016,11,"0","1","0","0",0,1,0,3142177,"0","[0,1,0]","emea",0.92746,5.26,NA
"455","2016P11","sales_vol_fpoly_emea",3142177,2016,11,"0","1","0","0",0,1,0,3142177,"0","[0,1,0]","emea",0.92746,6.07,NA
"456","2016P12","sales_vol_fpoly_emea",3162728,2016,12,"0","1","0","0",0,1,0,3162728,"0","[0,1,0]","emea",0.949012,5.26,NA
"457","2016P12","sales_vol_fpoly_emea",3162728,2016,12,"0","1","0","0",0,1,0,3162728,"0","[0,1,0]","emea",0.949012,6.07,NA
"458","2017P01","sales_vol_fpoly_emea",4537259,2017,1,"0","1","0","0",0,1,0,4537259,"0","[0,1,0]","emea",0.940876,5.06,NA
"459","2017P01","sales_vol_fpoly_emea",4537259,2017,1,"0","1","0","0",0,1,0,4537259,"0","[0,1,0]","emea",0.940876,6.56,NA
"460","2017P02","sales_vol_fpoly_emea",4762225,2017,2,"0","1","0","0",0,1,0,4762225,"0","[0,1,0]","emea",0.939114,5.06,NA
"461","2017P02","sales_vol_fpoly_emea",4762225,2017,2,"0","1","0","0",0,1,0,4762225,"0","[0,1,0]","emea",0.939114,6.56,NA
"462","2017P03","sales_vol_fpoly_emea",6131409,2017,3,"0","1","0","0",0,1,0,6131409,"0","[0,1,0]","emea",0.9351,5.06,NA
"463","2017P03","sales_vol_fpoly_emea",6131409,2017,3,"0","1","0","0",0,1,0,6131409,"0","[0,1,0]","emea",0.9351,6.56,NA
"464","2017P04","sales_vol_fpoly_emea",5487475,2017,4,"0","1","0","0",0,1,0,5487475,"0","[0,1,0]","emea",0.93391,5.06,NA
"465","2017P04","sales_vol_fpoly_emea",5487475,2017,4,"0","1","0","0",0,1,0,5487475,"0","[0,1,0]","emea",0.93391,6.56,NA
"466","2017P05","sales_vol_fpoly_emea",6606170,2017,5,"0","1","0","0",0,1,0,6606170,"0","[0,1,0]","emea",0.904193,5.06,NA
"467","2017P05","sales_vol_fpoly_emea",6606170,2017,5,"0","1","0","0",0,1,0,6606170,"0","[0,1,0]","emea",0.904193,6.56,NA
"468","2017P06","sales_vol_fpoly_emea",7390610,2017,6,"0","1","0","0",0,1,0,7390610,"0","[0,1,0]","emea",0.890534,5.06,NA
"469","2017P06","sales_vol_fpoly_emea",7390610,2017,6,"0","1","0","0",0,1,0,7390610,"0","[0,1,0]","emea",0.890534,6.56,NA
"470","2017P07","sales_vol_fpoly_emea",5962586,2017,7,"0","1","0","0",0,1,0,5962586,"0","[0,1,0]","emea",0.867527,5.06,NA
"471","2017P07","sales_vol_fpoly_emea",5962586,2017,7,"0","1","0","0",0,1,0,5962586,"0","[0,1,0]","emea",0.867527,6.56,NA
"472","2017P08","sales_vol_fpoly_emea",5497482,2017,8,"0","1","0","0",0,1,0,5497482,"0","[0,1,0]","emea",0.846339,5.06,NA
"473","2017P08","sales_vol_fpoly_emea",5497482,2017,8,"0","1","0","0",0,1,0,5497482,"0","[0,1,0]","emea",0.846339,6.56,NA
"474","2017P09","sales_vol_fpoly_emea",6049548,2017,9,"0","1","0","0",0,1,0,6049548,"0","[0,1,0]","emea",0.839493,5.06,NA
"475","2017P09","sales_vol_fpoly_emea",6049548,2017,9,"0","1","0","0",0,1,0,6049548,"0","[0,1,0]","emea",0.839493,6.56,NA
"476","2017P10","sales_vol_fpoly_emea",5358414,2017,10,"0","1","0","0",0,1,0,5358414,"0","[0,1,0]","emea",0.851139,5.06,NA
"477","2017P10","sales_vol_fpoly_emea",5358414,2017,10,"0","1","0","0",0,1,0,5358414,"0","[0,1,0]","emea",0.851139,6.56,NA
"478","2017P11","sales_vol_fpoly_emea",7432274,2017,11,"0","1","0","0",0,1,0,7432274,"0","[0,1,0]","emea",0.851487,5.06,NA
"479","2017P11","sales_vol_fpoly_emea",7432274,2017,11,"0","1","0","0",0,1,0,7432274,"0","[0,1,0]","emea",0.851487,6.56,NA
"480","2017P12","sales_vol_fpoly_emea",6077191,2017,12,"0","1","0","0",0,1,0,6077191,"0","[0,1,0]","emea",0.84425,5.06,NA
"481","2017P12","sales_vol_fpoly_emea",6077191,2017,12,"0","1","0","0",0,1,0,6077191,"0","[0,1,0]","emea",0.84425,6.56,NA
"482","2018P01","sales_vol_fpoly_emea",5542991,2018,1,"0","1","0","0",0,1,0,5542991,"0","[0,1,0]","emea",0.819901,NA,NA
"483","2018P02","sales_vol_fpoly_emea",3879497,2018,2,"0","1","0","0",0,1,0,3879497,"0","[0,1,0]","emea",0.810022,NA,NA
"484","2018P03","sales_vol_fpoly_emea",5630138,2018,3,"0","1","0","0",0,1,0,5630138,"0","[0,1,0]","emea",0.811046,NA,NA
"485","2018P04","sales_vol_fpoly_emea",4021423,2018,4,"0","1","0","0",0,1,0,4021423,"0","[0,1,0]","emea",0.814554,NA,NA
"486","2018P05","sales_vol_fpoly_emea",5445074,2018,5,"0","1","0","0",0,1,0,5445074,"0","[0,1,0]","emea",0.845653,NA,NA
"487","2018P06","sales_vol_fpoly_emea",4722484,2018,6,"0","1","0","0",0,1,0,4722484,"0","[0,1,0]","emea",0.856183,NA,NA
"488","2018P07","sales_vol_fpoly_emea",5018027,2018,7,"0","1","0","0",0,1,0,5018027,"0","[0,1,0]","emea",0.855282,NA,NA
"489","2018P08","sales_vol_fpoly_emea",6339638,2018,8,"0","1","0","0",0,1,0,6339638,"0","[0,1,0]","emea",0.866686,NA,NA
"490","2018P09","sales_vol_fpoly_emea",5594495,2018,9,"0","1","0","0",0,1,0,5594495,"0","[0,1,0]","emea",0.857968,NA,NA
"491","2018P10","sales_vol_fpoly_emea",5399525,2018,10,"0","1","0","0",0,1,0,5399525,"0","[0,1,0]","emea",0.870075,NA,NA
"492","2018P11","sales_vol_fpoly_emea",6901736,2018,11,"0","1","0","0",0,1,0,6901736,"0","[0,1,0]","emea",0.879906,NA,NA
"493","2018P12","sales_vol_fpoly_emea",6564564,2018,12,"0","1","0","0",0,1,0,6564564,"0","[0,1,0]","emea",0.879002,NA,NA
"494","2015P07","sales_vol_fpoly_la",2252660,2015,7,"0","0","1","0",0,1,0,2252660,"0","[0,0,1]","la",15.924197,7.32,NA
"495","2015P08","sales_vol_fpoly_la",2096358,2015,8,"0","0","1","0",0,1,0,2096358,"0","[0,0,1]","la",16.501674,7.32,NA
"496","2015P09","sales_vol_fpoly_la",2400085,2015,9,"0","0","1","0",0,1,0,2400085,"0","[0,0,1]","la",16.839714,7.32,NA
"497","2015P10","sales_vol_fpoly_la",1957038,2015,10,"0","0","1","0",0,1,0,1957038,"0","[0,0,1]","la",16.571246,7.32,NA
"498","2015P11","sales_vol_fpoly_la",2416493,2015,11,"0","0","1","0",0,1,0,2416493,"0","[0,0,1]","la",16.63311,7.32,NA
"499","2015P12","sales_vol_fpoly_la",3101957,2015,12,"0","0","1","0",0,1,0,3101957,"0","[0,0,1]","la",17.068297,7.32,NA
"500","2016P01","sales_vol_fpoly_la",2464779,2016,1,"0","0","1","0",0,1,0,2464779,"0","[0,0,1]","la",17.998914,6.47,NA
"501","2016P02","sales_vol_fpoly_la",3039015,2016,2,"0","0","1","0",0,1,0,3039015,"0","[0,0,1]","la",18.463555,6.47,NA
"502","2016P03","sales_vol_fpoly_la",4242098,2016,3,"0","0","1","0",0,1,0,4242098,"0","[0,0,1]","la",17.64969,6.47,NA
"503","2016P04","sales_vol_fpoly_la",3255591,2016,4,"0","0","1","0",0,1,0,3255591,"0","[0,0,1]","la",17.489131,6.47,NA
"504","2016P05","sales_vol_fpoly_la",2673193,2016,5,"0","0","1","0",0,1,0,2673193,"0","[0,0,1]","la",18.094523,6.47,NA
"505","2016P06","sales_vol_fpoly_la",3470849,2016,6,"0","0","1","0",0,1,0,3470849,"0","[0,0,1]","la",18.683862,6.47,NA
"506","2016P07","sales_vol_fpoly_la",2544336,2016,7,"0","0","1","0",0,1,0,2544336,"0","[0,0,1]","la",18.574292,6.47,NA
"507","2016P08","sales_vol_fpoly_la",3282659,2016,8,"0","0","1","0",0,1,0,3282659,"0","[0,0,1]","la",18.473874,6.47,NA
"508","2016P09","sales_vol_fpoly_la",3211327,2016,9,"0","0","1","0",0,1,0,3211327,"0","[0,0,1]","la",19.207967,6.47,NA
"509","2016P10","sales_vol_fpoly_la",2168573,2016,10,"0","0","1","0",0,1,0,2168573,"0","[0,0,1]","la",18.935282,6.47,NA
"510","2016P11","sales_vol_fpoly_la",2011986,2016,11,"0","0","1","0",0,1,0,2011986,"0","[0,0,1]","la",20.130578,6.47,NA
"511","2016P12","sales_vol_fpoly_la",2292301,2016,12,"0","0","1","0",0,1,0,2292301,"0","[0,0,1]","la",20.518796,6.47,NA
"512","2017P01","sales_vol_fpoly_la",3032262,2017,1,"0","0","1","0",0,1,0,3032262,"0","[0,0,1]","la",21.34594,6.77,NA
"513","2017P02","sales_vol_fpoly_la",2834431,2017,2,"0","0","1","0",0,1,0,2834431,"0","[0,0,1]","la",20.291954,6.77,NA
"514","2017P03","sales_vol_fpoly_la",4287351,2017,3,"0","0","1","0",0,1,0,4287351,"0","[0,0,1]","la",19.272258,6.77,NA
"515","2017P04","sales_vol_fpoly_la",3253377,2017,4,"0","0","1","0",0,1,0,3253377,"0","[0,0,1]","la",18.742298,6.77,NA
"516","2017P05","sales_vol_fpoly_la",4492219,2017,5,"0","0","1","0",0,1,0,4492219,"0","[0,0,1]","la",18.758285,6.77,NA
"517","2017P06","sales_vol_fpoly_la",5012688,2017,6,"0","0","1","0",0,1,0,5012688,"0","[0,0,1]","la",18.151448,6.77,NA
"518","2017P07","sales_vol_fpoly_la",4035674,2017,7,"0","0","1","0",0,1,0,4035674,"0","[0,0,1]","la",17.82685,6.77,NA
"519","2017P08","sales_vol_fpoly_la",3543555,2017,8,"0","0","1","0",0,1,0,3543555,"0","[0,0,1]","la",17.792492,6.77,NA
"520","2017P09","sales_vol_fpoly_la",3961334,2017,9,"0","0","1","0",0,1,0,3961334,"0","[0,0,1]","la",17.819439,6.77,NA
"521","2017P10","sales_vol_fpoly_la",3494870,2017,10,"0","0","1","0",0,1,0,3494870,"0","[0,0,1]","la",18.820464,6.77,NA
"522","2017P11","sales_vol_fpoly_la",3369302,2017,11,"0","0","1","0",0,1,0,3369302,"0","[0,0,1]","la",18.929347,6.77,NA
"523","2017P12","sales_vol_fpoly_la",3051986,2017,12,"0","0","1","0",0,1,0,3051986,"0","[0,0,1]","la",19.218886,6.77,NA
"524","2018P01","sales_vol_fpoly_la",2913991,2018,1,"0","0","1","0",0,1,0,2913991,"0","[0,0,1]","la",18.912,NA,NA
"525","2018P02","sales_vol_fpoly_la",2473489,2018,2,"0","0","1","0",0,1,0,2473489,"0","[0,0,1]","la",18.628392,NA,NA
"526","2018P03","sales_vol_fpoly_la",3659808,2018,3,"0","0","1","0",0,1,0,3659808,"0","[0,0,1]","la",18.606821,NA,NA
"527","2018P04","sales_vol_fpoly_la",2511574,2018,4,"0","0","1","0",0,1,0,2511574,"0","[0,0,1]","la",18.376834,NA,NA
"528","2018P05","sales_vol_fpoly_la",3491013,2018,5,"0","0","1","0",0,1,0,3491013,"0","[0,0,1]","la",19.544041,NA,NA
"529","2018P06","sales_vol_fpoly_la",3444050,2018,6,"0","0","1","0",0,1,0,3444050,"0","[0,0,1]","la",20.265505,NA,NA
"530","2018P07","sales_vol_fpoly_la",3453737,2018,7,"0","0","1","0",0,1,0,3453737,"0","[0,0,1]","la",19.00465,NA,NA
"531","2018P08","sales_vol_fpoly_la",4652569,2018,8,"0","0","1","0",0,1,0,4652569,"0","[0,0,1]","la",18.850329,NA,NA
"532","2018P09","sales_vol_fpoly_la",2855153,2018,9,"0","0","1","0",0,1,0,2855153,"0","[0,0,1]","la",18.994119,NA,NA
"533","2018P10","sales_vol_fpoly_la",3283591,2018,10,"0","0","1","0",0,1,0,3283591,"0","[0,0,1]","la",19.170876,NA,NA
"534","2018P11","sales_vol_fpoly_la",4149577,2018,11,"0","0","1","0",0,1,0,4149577,"0","[0,0,1]","la",20.236124,NA,NA
"535","2018P12","sales_vol_fpoly_la",4051930,2018,12,"0","0","1","0",0,1,0,4051930,"0","[0,0,1]","la",20.097902,NA,NA
"536","2015P07","sales_vol_fpoly_na",2578109,2015,7,"0","0","0","1",0,1,0,2578109,"0","[0,0,0]","na",NA,14.35,47.12
"537","2015P08","sales_vol_fpoly_na",2912551,2015,8,"0","0","0","1",0,1,0,2912551,"0","[0,0,0]","na",NA,14.35,49.2
"538","2015P09","sales_vol_fpoly_na",3011585,2015,9,"0","0","0","1",0,1,0,3011585,"0","[0,0,0]","na",NA,14.35,45.09
"539","2015P10","sales_vol_fpoly_na",2223048,2015,10,"0","0","0","1",0,1,0,2223048,"0","[0,0,0]","na",NA,14.35,NA
"540","2015P11","sales_vol_fpoly_na",2244818,2015,11,"0","0","0","1",0,1,0,2244818,"0","[0,0,0]","na",NA,14.35,41.65
"541","2015P12","sales_vol_fpoly_na",4131481,2015,12,"0","0","0","1",0,1,0,4131481,"0","[0,0,0]","na",NA,14.35,37.04
"542","2016P01","sales_vol_fpoly_na",3776443,2016,1,"0","0","0","1",0,1,0,3776443,"0","[0,0,0]","na",NA,14.6,33.62
"543","2016P02","sales_vol_fpoly_na",3241456,2016,2,"0","0","0","1",0,1,0,3241456,"0","[0,0,0]","na",NA,14.6,33.75
"544","2016P03","sales_vol_fpoly_na",5150284,2016,3,"0","0","0","1",0,1,0,5150284,"0","[0,0,0]","na",NA,14.6,38.34
"545","2016P04","sales_vol_fpoly_na",3797958,2016,4,"0","0","0","1",0,1,0,3797958,"0","[0,0,0]","na",NA,14.6,45.92
"546","2016P05","sales_vol_fpoly_na",3745047,2016,5,"0","0","0","1",0,1,0,3745047,"0","[0,0,0]","na",NA,14.6,49.1
"547","2016P06","sales_vol_fpoly_na",4528270,2016,6,"0","0","0","1",0,1,0,4528270,"0","[0,0,0]","na",NA,14.6,48.33
"548","2016P07","sales_vol_fpoly_na",4120345,2016,7,"0","0","0","1",0,1,0,4120345,"0","[0,0,0]","na",NA,14.6,41.6
"549","2016P08","sales_vol_fpoly_na",3200823,2016,8,"0","0","0","1",0,1,0,3200823,"0","[0,0,0]","na",NA,14.6,44.7
"550","2016P09","sales_vol_fpoly_na",3835024,2016,9,"0","0","0","1",0,1,0,3835024,"0","[0,0,0]","na",NA,14.6,48.24
"551","2016P10","sales_vol_fpoly_na",3599344,2016,10,"0","0","0","1",0,1,0,3599344,"0","[0,0,0]","na",NA,14.6,NA
"552","2016P11","sales_vol_fpoly_na",2445693,2016,11,"0","0","0","1",0,1,0,2445693,"0","[0,0,0]","na",NA,14.6,49.44
"553","2016P12","sales_vol_fpoly_na",4805991,2016,12,"0","0","0","1",0,1,0,4805991,"0","[0,0,0]","na",NA,14.6,53.72
"554","2017P01","sales_vol_fpoly_na",3400018,2017,1,"0","0","0","1",0,1,0,3400018,"0","[0,0,0]","na",NA,15.32,52.81
"555","2017P02","sales_vol_fpoly_na",5720216,2017,2,"0","0","0","1",0,1,0,5720216,"0","[0,0,0]","na",NA,15.32,54.01
"556","2017P03","sales_vol_fpoly_na",5285214,2017,3,"0","0","0","1",0,1,0,5285214,"0","[0,0,0]","na",NA,15.32,50.6
"557","2017P04","sales_vol_fpoly_na",3986851,2017,4,"0","0","0","1",0,1,0,3986851,"0","[0,0,0]","na",NA,15.32,49.33
"558","2017P05","sales_vol_fpoly_na",4397592,2017,5,"0","0","0","1",0,1,0,4397592,"0","[0,0,0]","na",NA,15.32,48.32
"559","2017P06","sales_vol_fpoly_na",6019839,2017,6,"0","0","0","1",0,1,0,6019839,"0","[0,0,0]","na",NA,15.32,46.04
"560","2017P07","sales_vol_fpoly_na",3143721,2017,7,"0","0","0","1",0,1,0,3143721,"0","[0,0,0]","na",NA,15.32,50.17
"561","2017P08","sales_vol_fpoly_na",5693881,2017,8,"0","0","0","1",0,1,0,5693881,"0","[0,0,0]","na",NA,15.32,47.23
"562","2017P09","sales_vol_fpoly_na",5843042,2017,9,"0","0","0","1",0,1,0,5843042,"0","[0,0,0]","na",NA,15.32,51.67
"563","2017P10","sales_vol_fpoly_na",3079774,2017,10,"0","0","0","1",0,1,0,3079774,"0","[0,0,0]","na",NA,15.32,NA
"564","2017P11","sales_vol_fpoly_na",4647934,2017,11,"0","0","0","1",0,1,0,4647934,"0","[0,0,0]","na",NA,15.32,57.4
"565","2017P12","sales_vol_fpoly_na",3709068,2017,12,"0","0","0","1",0,1,0,3709068,"0","[0,0,0]","na",NA,15.32,60.42
"566","2018P01","sales_vol_fpoly_na",4100907,2018,1,"0","0","0","1",0,1,0,4100907,"0","[0,0,0]","na",NA,NA,64.73
"567","2018P01","sales_vol_fpoly_na",4100907,2018,1,"0","0","0","1",0,1,0,4100907,"0","[0,0,0]","na",NA,NA,45.41
"568","2018P02","sales_vol_fpoly_na",3599695,2018,2,"0","0","0","1",0,1,0,3599695,"0","[0,0,0]","na",NA,NA,61.64
"569","2018P03","sales_vol_fpoly_na",3639971,2018,3,"0","0","0","1",0,1,0,3639971,"0","[0,0,0]","na",NA,NA,64.94
"570","2018P04","sales_vol_fpoly_na",1820395,2018,4,"0","0","0","1",0,1,0,1820395,"0","[0,0,0]","na",NA,NA,68.57
"571","2018P05","sales_vol_fpoly_na",3981069,2018,5,"0","0","0","1",0,1,0,3981069,"0","[0,0,0]","na",NA,NA,67.04
"572","2018P06","sales_vol_fpoly_na",2878991,2018,6,"0","0","0","1",0,1,0,2878991,"0","[0,0,0]","na",NA,NA,74.15
"573","2018P07","sales_vol_fpoly_na",3151052,2018,7,"0","0","0","1",0,1,0,3151052,"0","[0,0,0]","na",NA,NA,68.76
"574","2018P08","sales_vol_fpoly_na",4518920,2018,8,"0","0","0","1",0,1,0,4518920,"0","[0,0,0]","na",NA,NA,69.8
"575","2018P09","sales_vol_fpoly_na",4428794,2018,9,"0","0","0","1",0,1,0,4428794,"0","[0,0,0]","na",NA,NA,73.25
"576","2018P10","sales_vol_fpoly_na",5736086,2018,10,"0","0","0","1",0,1,0,5736086,"0","[0,0,0]","na",NA,NA,NA
"577","2018P11","sales_vol_fpoly_na",4826234,2018,11,"0","0","0","1",0,1,0,4826234,"0","[0,0,0]","na",NA,NA,50.93
"578","2018P12","sales_vol_fpoly_na",5191078,2018,12,"0","0","0","1",0,1,0,5191078,"0","[0,0,0]","na",NA,NA,45.41
